snapshot_date,product_id,store_id,stock_on_hand,reorder_point,lead_time_days
2026-01-11,132,15,200,73,11
2026-01-11,186,5,264,47,3
2026-01-11,223,2,211,33,6
2026-01-11,267,7,307,61,5
2026-01-11,140,7,306,30,2
2026-01-11,235,17,165,47,7
2026-01-11,200,7,93,28,7
2026-01-11,19,1,302,63,11
2026-01-11,295,6,458,22,8
2026-01-11,269,10,11,25,2
2026-01-11,50,18,229,22,9
2026-01-11,227,15,306,49,2
2026-01-11,38,11,370,51,5
2026-01-11,158,16,339,78,7
2026-01-11,275,16,243,56,5
2026-01-11,106,12,459,64,4
2026-01-11,233,3,229,79,3
2026-01-11,236,10,308,41,11
2026-01-11,122,13,327,68,5
2026-01-11,188,14,23,30,11
2026-01-11,252,6,103,55,7
2026-01-11,70,16,409,35,4
2026-01-11,78,12,345,22,11
2026-01-11,172,2,334,59,6
2026-01-11,32,13,310,56,7
2026-01-11,227,10,160,25,11
2026-01-11,92,1,301,52,11
2026-01-11,272,6,273,69,11
2026-01-11,231,3,302,23,5
2026-01-11,140,13,6,70,4
2026-01-11,41,18,435,41,9
2026-01-11,295,7,163,68,8
2026-01-11,99,6,90,58,4
2026-01-11,84,16,82,30,3
2026-01-11,102,13,145,23,9
2026-01-11,289,9,125,75,10
2026-01-11,151,7,328,69,3
2026-01-11,202,7,441,24,8
2026-01-11,238,6,318,68,2
2026-01-11,114,11,9999,60,4
2026-01-11,292,13,260,63,10
2026-01-11,169,13,185,74,11
2026-01-11,155,13,83,34,11
2026-01-11,284,5,405,36,8
2026-01-11,263,18,237,65,2
2026-01-11,258,6,70,69,7
2026-01-11,61,6,179,37,10
2026-01-11,46,8,144,45,10
2026-01-11,285,13,226,69,5
2026-01-11,224,14,249,46,9
2026-01-10,98,18,429,72,2
2026-01-10,111,8,125,58,5
2026-01-10,297,2,354,73,11
2026-01-10,162,2,249,42,9
2026-01-10,121,17,479,43,4
2026-01-10,258,16,326,40,13
2026-01-10,72,10,101,49,3
2026-01-10,129,3,288,64,8
2026-01-10,264,11,184,44,5
2026-01-10,64,8,392,26,5
2026-01-10,209,15,66,55,10
2026-01-10,183,10,400,47,8
2026-01-10,276,11,427,34,9
2026-01-10,252,10,462,50,9
2026-01-10,282,8,239,72,10
2026-01-10,5,10,284,53,8
2026-01-10,39,2,398,50,2
2026-01-10,24,16,429,42,5
2026-01-10,205,7,271,46,11
2026-01-10,201,16,154,39,5
2026-01-10,181,14,368,40,6
2026-01-10,206,17,107,30,9
2026-01-10,172,3,47,60,10
2026-01-10,247,15,17,34,8
2026-01-10,47,10,29,34,3
2026-01-10,295,5,257,32,4
2026-01-10,88,15,39,32,2
2026-01-10,180,16,171,71,3
2026-01-10,21,11,389,64,6
2026-01-10,187,7,137,66,11
2026-01-10,45,15,161,72,3
2026-01-10,164,1,32,36,11
2026-01-10,88,9,101,37,12
2026-01-10,254,4,419,26,10
2026-01-10,262,16,273,75,7
2026-01-10,230,4,265,78,7
2026-01-10,98,5,327,22,9
2026-01-10,23,16,14,39,4
2026-01-10,269,18,9999,43,13
2026-01-10,82,12,25,79,3
2026-01-10,60,9,403,64,6
2026-01-10,51,11,425,47,9
2026-01-10,251,18,120,39,4
2026-01-10,222,2,64,50,9
2026-01-10,264,8,120,40,8
2026-01-10,13,7,460,49,12
2026-01-10,171,11,457,59,11
2026-01-10,174,1,247,79,3
2026-01-10,173,14,423,58,13
2026-01-10,178,11,8,24,6
2026-01-09,55,1,120,45,8
2026-01-09,181,9,211,65,3
2026-01-09,95,6,83,55,10
2026-01-09,99,4,285,34,7
2026-01-09,295,6,129,64,7
2026-01-09,70,15,88,55,11
2026-01-09,253,3,18,69,7
2026-01-09,142,17,15,24,2
2026-01-09,237,3,296,30,6
2026-01-09,283,12,255,74,2
2026-01-09,78,9,229,73,2
2026-01-09,125,16,137,25,11
2026-01-09,129,11,7,20,11
2026-01-09,239,3,390,28,5
2026-01-09,68,18,492,24,5
2026-01-09,60,15,499,30,6
2026-01-09,84,14,4,61,5
2026-01-09,242,3,126,79,11
2026-01-09,165,6,5,54,13
2026-01-09,55,15,473,68,10
2026-01-09,13,7,399,34,6
2026-01-09,201,18,380,79,13
2026-01-09,283,7,462,37,9
2026-01-09,124,8,379,23,9
2026-01-09,45,2,440,32,8
2026-01-09,78,7,27,57,13
2026-01-09,47,7,490,70,2
2026-01-09,40,2,206,60,9
2026-01-09,285,8,37,21,3
2026-01-09,195,11,59,57,3
2026-01-09,115,8,98,32,8
2026-01-09,39,17,191,77,8
2026-01-09,64,16,227,62,8
2026-01-09,83,17,297,55,10
2026-01-09,50,9,164,77,9
2026-01-09,230,15,3,54,2
2026-01-09,43,14,304,55,10
2026-01-09,267,16,287,26,2
2026-01-09,254,9,38,31,2
2026-01-09,64,6,56,32,5
2026-01-09,8,8,108,22,5
2026-01-09,118,14,493,71,8
2026-01-09,42,15,365,41,6
2026-01-09,3,16,140,41,13
2026-01-09,58,6,299,26,6
2026-01-09,292,6,328,62,6
2026-01-09,202,9,24,70,2
2026-01-09,11,15,446,38,11
2026-01-09,173,3,184,37,11
2026-01-09,112,18,467,46,4
2026-01-08,237,5,293,55,9
2026-01-08,204,5,269,66,11
2026-01-08,219,15,467,69,13
2026-01-08,15,18,225,30,7
2026-01-08,67,5,438,46,7
2026-01-08,134,13,342,31,5
2026-01-08,181,1,450,43,3
2026-01-08,215,7,384,59,12
2026-01-08,54,15,302,49,2
2026-01-08,5,9,136,38,9
2026-01-08,89,16,462,55,10
2026-01-08,54,17,438,73,6
2026-01-08,157,11,250,59,4
2026-01-08,158,18,28,60,2
2026-01-08,224,5,50,43,12
2026-01-08,196,7,133,51,7
2026-01-08,102,14,74,36,13
2026-01-08,142,6,346,42,7
2026-01-08,93,5,235,78,8
2026-01-08,269,16,34,67,6
2026-01-08,108,3,381,56,9
2026-01-08,53,17,451,73,7
2026-01-08,214,4,403,53,10
2026-01-08,140,9,161,38,10
2026-01-08,273,1,307,40,10
2026-01-08,297,1,201,75,2
2026-01-08,37,15,157,55,8
2026-01-08,80,18,462,72,7
2026-01-08,4,4,452,47,4
2026-01-08,127,15,273,75,2
2026-01-08,278,3,316,75,8
2026-01-08,211,9,339,77,12
2026-01-08,128,2,419,77,12
2026-01-08,169,6,7,65,2
2026-01-08,20,15,51,39,13
2026-01-08,5,15,439,40,3
2026-01-08,139,13,405,41,3
2026-01-08,177,8,50,45,12
2026-01-08,4,6,225,74,11
2026-01-08,224,4,133,36,12
2026-01-08,161,8,230,60,9
2026-01-08,263,2,106,57,3
2026-01-08,21,9,471,63,5
2026-01-08,265,3,229,49,3
2026-01-08,232,2,145,65,10
2026-01-08,107,6,446,39,2
2026-01-08,130,13,230,57,2
2026-01-08,156,8,96,37,3
2026-01-08,30,11,496,48,6
2026-01-08,41,2,367,64,11
2026-01-07,119,7,191,77,8
2026-01-07,125,5,63,35,3
2026-01-07,229,18,69,53,13
2026-01-07,215,7,397,65,5
2026-01-07,251,12,28,47,3
2026-01-07,266,7,410,20,11
2026-01-07,21,15,372,64,5
2026-01-07,300,12,87,47,12
2026-01-07,116,3,405,36,10
2026-01-07,3,8,82,29,4
2026-01-07,151,8,152,59,3
2026-01-07,168,1,226,45,13
2026-01-07,191,14,360,28,6
2026-01-07,22,17,286,49,4
2026-01-07,226,16,124,37,13
2026-01-07,147,9,101,60,9
2026-01-07,296,4,174,66,10
2026-01-07,16,2,229,58,11
2026-01-07,104,14,152,45,2
2026-01-07,270,11,233,69,11
2026-01-07,26,17,54,54,4
2026-01-07,71,18,296,21,11
2026-01-07,241,13,258,69,4
2026-01-07,57,14,363,28,7
2026-01-07,70,10,321,70,8
2026-01-07,5,11,205,50,11
2026-01-07,167,3,131,39,7
2026-01-07,234,6,176,71,6
2026-01-07,239,13,360,26,7
2026-01-07,135,11,313,65,11
2026-01-07,119,13,335,58,2
2026-01-07,209,12,25,59,8
2026-01-07,151,6,80,71,13
2026-01-07,236,8,101,55,7
2026-01-07,23,10,67,41,5
2026-01-07,170,2,229,61,6
2026-01-07,225,17,182,45,5
2026-01-07,21,16,483,76,8
2026-01-07,29,5,95,36,8
2026-01-07,275,6,258,59,9
2026-01-07,193,13,133,65,4
2026-01-07,221,10,340,36,11
2026-01-07,27,4,49,55,7
2026-01-07,241,13,108,50,2
2026-01-07,209,1,248,61,2
2026-01-07,210,7,263,79,11
2026-01-07,258,6,71,68,7
2026-01-07,80,7,448,27,10
2026-01-07,30,5,400,60,2
2026-01-07,238,4,58,71,3
2026-01-06,260,10,471,30,13
2026-01-06,69,7,197,20,9
2026-01-06,229,4,140,79,2
2026-01-06,282,3,155,31,8
2026-01-06,78,15,494,40,3
2026-01-06,58,12,9999,40,2
2026-01-06,285,9,285,56,2
2026-01-06,18,2,54,49,5
2026-01-06,250,8,460,51,11
2026-01-06,213,14,18,42,13
2026-01-06,287,5,127,20,7
2026-01-06,104,15,332,30,10
2026-01-06,65,14,202,78,2
2026-01-06,290,10,91,63,8
2026-01-06,285,14,221,40,10
2026-01-06,106,12,45,77,6
2026-01-06,80,1,41,68,11
2026-01-06,73,3,447,22,4
2026-01-06,196,13,138,59,6
2026-01-06,152,8,14,34,10
2026-01-06,107,12,420,43,9
2026-01-06,139,17,174,49,4
2026-01-06,264,7,227,45,2
2026-01-06,241,13,9999,40,5
2026-01-06,228,9,187,49,9
2026-01-06,150,6,119,23,13
2026-01-06,2,13,385,77,13
2026-01-06,267,4,31,59,6
2026-01-06,81,3,373,20,11
2026-01-06,29,9,347,30,2
2026-01-06,8,3,182,56,4
2026-01-06,14,16,448,71,10
2026-01-06,199,18,406,28,2
2026-01-06,81,17,64,75,2
2026-01-06,249,13,486,24,13
2026-01-06,65,4,393,20,5
2026-01-06,70,16,224,79,11
2026-01-06,271,7,246,41,10
2026-01-06,207,18,247,67,5
2026-01-06,277,13,354,56,4
2026-01-06,167,18,108,29,10
2026-01-06,54,8,94,22,4
2026-01-06,46,3,415,49,8
2026-01-06,218,4,222,24,3
2026-01-06,94,2,302,39,9
2026-01-06,21,17,432,52,8
2026-01-06,151,12,409,47,8
2026-01-06,271,17,401,71,9
2026-01-06,143,8,484,44,11
2026-01-06,252,2,351,41,3
2026-01-05,88,9,22,20,7
2026-01-05,160,5,200,72,10
2026-01-05,230,18,293,46,7
2026-01-05,44,7,144,52,13
2026-01-05,115,14,38,66,5
2026-01-05,110,11,360,52,2
2026-01-05,206,11,59,41,9
2026-01-05,251,15,499,58,12
2026-01-05,240,4,476,20,8
2026-01-05,246,8,296,59,6
2026-01-05,78,15,70,47,12
2026-01-05,183,8,401,71,6
2026-01-05,209,12,224,75,2
2026-01-05,205,6,194,22,6
2026-01-05,55,1,47,52,6
2026-01-05,198,1,74,67,9
2026-01-05,205,9,88,23,12
2026-01-05,260,10,163,62,6
2026-01-05,120,14,317,58,8
2026-01-05,57,5,486,77,11
2026-01-05,257,12,18,70,10
2026-01-05,45,18,89,32,5
2026-01-05,18,10,190,29,8
2026-01-05,182,11,265,46,12
2026-01-05,203,18,442,74,2
2026-01-05,150,11,121,20,4
2026-01-05,138,12,57,65,3
2026-01-05,62,4,311,70,8
2026-01-05,125,2,481,71,2
2026-01-05,254,12,15,79,12
2026-01-05,277,4,127,51,12
2026-01-05,83,12,196,42,2
2026-01-05,159,4,212,65,9
2026-01-05,176,4,266,71,3
2026-01-05,178,10,202,27,6
2026-01-05,288,15,473,58,13
2026-01-05,54,10,30,51,13
2026-01-05,151,2,351,72,5
2026-01-05,130,18,475,56,7
2026-01-05,208,4,281,21,2
2026-01-05,3,10,414,74,10
2026-01-05,220,18,419,63,8
2026-01-05,277,9,49,43,5
2026-01-05,274,13,228,50,11
2026-01-05,95,10,359,48,7
2026-01-05,282,6,290,63,5
2026-01-05,201,15,369,71,7
2026-01-05,272,10,121,41,2
2026-01-05,231,18,318,25,5
2026-01-05,266,4,150,44,9
2026-01-04,10,1,252,38,2
2026-01-04,244,12,266,68,11
2026-01-04,247,1,345,24,4
2026-01-04,196,18,213,27,7
2026-01-04,197,18,252,41,3
2026-01-04,200,6,80,58,2
2026-01-04,38,15,100,55,3
2026-01-04,233,8,490,48,8
2026-01-04,196,18,100,64,11
2026-01-04,232,15,242,27,9
2026-01-04,145,12,90,74,3
2026-01-04,269,8,247,62,7
2026-01-04,259,8,1,32,9
2026-01-04,60,8,398,41,11
2026-01-04,168,8,380,69,7
2026-01-04,165,5,391,76,11
2026-01-04,187,6,93,43,6
2026-01-04,90,4,193,24,13
2026-01-04,115,6,88,60,10
2026-01-04,181,8,47,42,8
2026-01-04,272,3,40,58,10
2026-01-04,164,16,459,60,10
2026-01-04,193,15,290,45,9
2026-01-04,13,14,35,63,6
2026-01-04,246,17,270,48,7
2026-01-04,2,13,387,38,13
2026-01-04,297,14,408,66,7
2026-01-04,122,3,70,65,2
2026-01-04,54,11,259,40,9
2026-01-04,206,12,368,20,9
2026-01-04,15,15,456,69,4
2026-01-04,153,2,128,63,3
2026-01-04,136,2,138,61,13
2026-01-04,261,1,333,53,9
2026-01-04,95,13,385,38,4
2026-01-04,247,3,262,21,8
2026-01-04,14,5,54,37,10
2026-01-04,46,15,220,47,12
2026-01-04,75,15,88,71,6
2026-01-04,296,8,344,27,3
2026-01-04,44,18,418,28,8
2026-01-04,183,13,200,34,2
2026-01-04,298,9,482,63,7
2026-01-04,136,14,407,57,3
2026-01-04,45,7,373,61,5
2026-01-04,223,18,223,63,11
2026-01-04,16,8,62,24,9
2026-01-04,162,3,430,49,6
2026-01-04,257,14,201,42,2
2026-01-04,52,3,348,21,6
2026-01-03,67,5,236,61,7
2026-01-03,16,11,377,25,4
2026-01-03,36,15,117,68,2
2026-01-03,292,7,33,54,10
2026-01-03,111,7,76,23,7
2026-01-03,147,17,50,62,5
2026-01-03,214,1,359,31,10
2026-01-03,176,15,479,57,11
2026-01-03,129,7,439,24,12
2026-01-03,216,8,422,62,10
2026-01-03,151,4,329,48,11
2026-01-03,223,12,174,24,7
2026-01-03,269,2,67,75,10
2026-01-03,213,17,482,79,11
2026-01-03,190,2,270,39,8
2026-01-03,164,5,149,22,2
2026-01-03,82,5,434,58,2
2026-01-03,106,1,474,38,3
2026-01-03,180,4,59,44,8
2026-01-03,27,4,25,73,8
2026-01-03,128,7,452,50,13
2026-01-03,136,13,241,75,4
2026-01-03,174,7,64,34,11
2026-01-03,123,4,370,67,5
2026-01-03,115,13,349,21,13
2026-01-03,243,1,454,46,13
2026-01-03,52,15,458,47,11
2026-01-03,10,5,119,44,7
2026-01-03,76,3,435,48,6
2026-01-03,130,7,383,38,11
2026-01-03,168,1,322,59,8
2026-01-03,136,10,444,57,9
2026-01-03,110,3,443,46,10
2026-01-03,37,8,365,49,4
2026-01-03,237,18,348,29,4
2026-01-03,96,15,400,59,2
2026-01-03,57,14,106,71,6
2026-01-03,257,13,306,28,12
2026-01-03,275,15,438,70,5
2026-01-03,74,13,273,78,6
2026-01-03,2,13,78,26,4
2026-01-03,128,14,206,27,2
2026-01-03,74,7,433,37,7
2026-01-03,101,16,144,28,3
2026-01-03,239,6,444,75,9
2026-01-03,91,18,163,60,10
2026-01-03,239,7,49,26,2
2026-01-03,244,6,268,70,3
2026-01-03,69,18,385,21,2
2026-01-03,259,10,415,25,12
2026-01-02,68,16,185,74,9
2026-01-02,76,16,26,31,2
2026-01-02,14,16,41,56,10
2026-01-02,243,2,167,44,7
2026-01-02,67,14,241,78,6
2026-01-02,21,8,183,75,7
2026-01-02,111,2,15,74,11
2026-01-02,142,17,301,68,4
2026-01-02,160,9,405,23,4
2026-01-02,37,10,239,69,9
2026-01-02,300,8,428,60,10
2026-01-02,293,1,202,75,12
2026-01-02,83,11,158,51,8
2026-01-02,288,18,456,58,12
2026-01-02,62,1,493,65,7
2026-01-02,299,15,41,46,4
2026-01-02,166,10,32,53,13
2026-01-02,107,7,273,26,7
2026-01-02,98,10,180,41,7
2026-01-02,237,9,83,74,10
2026-01-02,134,2,436,69,6
2026-01-02,241,18,150,23,5
2026-01-02,80,7,341,44,13
2026-01-02,232,1,109,30,7
2026-01-02,56,2,412,41,13
2026-01-02,146,10,224,32,8
2026-01-02,120,12,199,24,13
2026-01-02,217,8,200,53,8
2026-01-02,212,2,76,35,3
2026-01-02,219,8,233,24,5
2026-01-02,221,16,350,47,9
2026-01-02,279,14,81,27,10
2026-01-02,146,14,7,24,6
2026-01-02,126,2,226,38,13
2026-01-02,190,13,234,64,10
2026-01-02,201,14,175,68,5
2026-01-02,101,12,450,42,11
2026-01-02,119,13,10,26,11
2026-01-02,261,4,129,60,4
2026-01-02,215,4,403,25,11
2026-01-02,39,9,260,34,5
2026-01-02,195,15,161,57,10
2026-01-02,6,6,464,52,3
2026-01-02,246,9,323,77,2
2026-01-02,16,2,135,70,5
2026-01-02,71,1,248,74,13
2026-01-02,52,18,281,67,12
2026-01-02,39,10,341,60,7
2026-01-02,206,12,298,25,9
2026-01-02,80,3,21,64,9
2026-01-01,270,17,402,51,9
2026-01-01,156,8,113,54,2
2026-01-01,245,15,122,78,7
2026-01-01,286,12,45,27,3
2026-01-01,284,6,446,20,13
2026-01-01,135,17,213,41,4
2026-01-01,101,2,421,30,10
2026-01-01,130,15,365,21,4
2026-01-01,245,4,48,42,5
2026-01-01,104,14,18,49,5
2026-01-01,120,7,381,27,5
2026-01-01,255,4,249,77,11
2026-01-01,10,13,171,78,5
2026-01-01,173,10,471,48,11
2026-01-01,10,10,358,52,8
2026-01-01,279,10,76,78,6
2026-01-01,299,9,143,43,12
2026-01-01,56,15,161,34,3
2026-01-01,159,16,422,25,10
2026-01-01,166,13,12,43,8
2026-01-01,95,14,476,76,7
2026-01-01,272,14,196,65,13
2026-01-01,129,14,356,43,12
2026-01-01,153,18,301,21,12
2026-01-01,97,8,156,55,5
2026-01-01,99,11,73,33,5
2026-01-01,248,7,35,28,4
2026-01-01,133,5,125,26,7
2026-01-01,278,17,459,46,3
2026-01-01,167,8,367,48,13
2026-01-01,64,10,407,26,7
2026-01-01,193,9,388,75,2
2026-01-01,184,7,138,57,10
2026-01-01,62,5,418,73,6
2026-01-01,20,14,411,41,13
2026-01-01,297,12,129,64,3
2026-01-01,68,18,217,70,8
2026-01-01,231,11,102,55,13
2026-01-01,169,12,327,55,13
2026-01-01,48,3,273,68,3
2026-01-01,23,3,159,25,13
2026-01-01,186,11,417,33,8
2026-01-01,152,5,293,25,13
2026-01-01,224,3,409,57,6
2026-01-01,109,7,435,39,13
2026-01-01,187,12,422,63,12
2026-01-01,175,13,433,20,10
2026-01-01,220,2,235,37,7
2026-01-01,275,5,334,34,3
2026-01-01,126,5,129,51,10
2025-12-31,92,3,362,29,6
2025-12-31,272,17,346,27,10
2025-12-31,231,17,221,20,8
2025-12-31,107,16,127,66,6
2025-12-31,53,13,248,51,8
2025-12-31,96,10,146,54,4
2025-12-31,199,8,133,24,7
2025-12-31,200,3,165,32,10
2025-12-31,133,2,245,79,3
2025-12-31,234,1,190,79,2
2025-12-31,228,1,21,41,9
2025-12-31,1,15,166,38,2
2025-12-31,249,7,494,66,11
2025-12-31,35,8,177,23,3
2025-12-31,151,12,398,56,11
2025-12-31,88,9,18,71,11
2025-12-31,190,8,227,78,3
2025-12-31,26,11,308,55,5
2025-12-31,238,1,393,66,9
2025-12-31,183,16,227,59,11
2025-12-31,139,11,24,47,10
2025-12-31,223,1,27,21,9
2025-12-31,49,12,411,73,5
2025-12-31,81,13,162,26,9
2025-12-31,182,17,291,66,13
2025-12-31,62,15,487,42,3
2025-12-31,48,11,388,65,12
2025-12-31,51,11,235,22,4
2025-12-31,123,15,299,48,13
2025-12-31,138,7,254,74,4
2025-12-31,202,12,467,35,2
2025-12-31,79,16,397,49,5
2025-12-31,285,6,-5,53,7
2025-12-31,129,7,245,51,8
2025-12-31,265,11,30,47,4
2025-12-31,8,16,218,67,9
2025-12-31,204,5,145,55,11
2025-12-31,37,2,245,77,11
2025-12-31,51,1,297,21,4
2025-12-31,75,17,389,78,12
2025-12-31,81,3,322,47,3
2025-12-31,30,13,29,20,13
2025-12-31,190,8,486,79,4
2025-12-31,194,13,327,37,12
2025-12-31,247,9,60,67,10
2025-12-31,134,17,119,25,7
2025-12-31,211,5,297,38,4
2025-12-31,5,4,295,56,3
2025-12-31,228,1,17,72,6
2025-12-31,94,18,62,61,5
2025-12-30,133,14,331,62,6
2025-12-30,230,4,177,78,9
2025-12-30,31,11,393,42,10
2025-12-30,244,15,-5,36,11
2025-12-30,2,7,167,61,3
2025-12-30,65,7,453,59,5
2025-12-30,139,9,97,63,12
2025-12-30,103,12,177,74,3
2025-12-30,277,18,105,21,2
2025-12-30,105,10,376,23,2
2025-12-30,275,5,389,65,6
2025-12-30,120,6,81,38,9
2025-12-30,27,8,133,43,4
2025-12-30,199,5,234,33,11
2025-12-30,245,17,260,26,7
2025-12-30,221,9,11,57,5
2025-12-30,48,6,440,44,5
2025-12-30,130,6,168,68,5
2025-12-30,74,3,113,41,6
2025-12-30,212,6,339,32,3
2025-12-30,52,16,98,37,11
2025-12-30,152,8,450,29,8
2025-12-30,210,10,67,36,4
2025-12-30,50,5,155,68,12
2025-12-30,194,10,256,77,9
2025-12-30,120,10,333,34,8
2025-12-30,60,1,382,68,2
2025-12-30,120,15,21,20,8
2025-12-30,38,17,499,20,12
2025-12-30,294,9,185,76,11
2025-12-30,265,17,24,79,2
2025-12-30,176,1,364,29,6
2025-12-30,196,12,252,59,7
2025-12-30,67,17,166,25,7
2025-12-30,237,17,162,42,8
2025-12-30,139,6,340,44,11
2025-12-30,30,10,300,64,9
2025-12-30,274,7,122,79,5
2025-12-30,77,9,46,67,13
2025-12-30,202,4,32,51,11
2025-12-30,30,9,210,63,11
2025-12-30,143,16,273,61,5
2025-12-30,187,6,49,74,12
2025-12-30,191,15,67,21,13
2025-12-30,50,18,341,45,4
2025-12-30,185,13,489,47,9
2025-12-30,298,2,314,63,2
2025-12-30,56,2,329,43,4
2025-12-30,52,12,449,46,9
2025-12-30,232,14,436,62,6
2025-12-29,170,8,459,68,9
2025-12-29,44,2,19,79,5
2025-12-29,155,14,249,31,13
2025-12-29,76,18,455,70,8
2025-12-29,94,15,391,22,11
2025-12-29,170,6,319,62,10
2025-12-29,19,15,60,49,2
2025-12-29,233,10,282,63,11
2025-12-29,226,2,74,63,7
2025-12-29,91,5,470,42,3
2025-12-29,218,16,91,31,8
2025-12-29,55,10,68,29,5
2025-12-29,18,17,107,32,10
2025-12-29,199,14,46,23,13
2025-12-29,88,8,324,23,5
2025-12-29,113,14,165,57,13
2025-12-29,83,14,440,31,6
2025-12-29,28,4,423,67,13
2025-12-29,254,15,313,35,4
2025-12-29,134,1,346,77,3
2025-12-29,175,6,370,67,8
2025-12-29,63,8,4,74,6
2025-12-29,186,5,185,26,11
2025-12-29,133,9,31,61,7
2025-12-29,120,4,10,25,7
2025-12-29,78,11,62,40,12
2025-12-29,104,7,13,48,13
2025-12-29,233,6,324,36,9
2025-12-29,196,11,367,57,8
2025-12-29,10,5,50,66,9
2025-12-29,187,15,415,33,3
2025-12-29,66,18,405,40,12
2025-12-29,170,2,427,41,3
2025-12-29,26,14,419,31,11
2025-12-29,1,10,230,40,8
2025-12-29,40,6,71,62,3
2025-12-29,150,16,383,54,5
2025-12-29,52,1,372,42,8
2025-12-29,277,3,373,60,8
2025-12-29,246,17,38,73,12
2025-12-29,269,16,259,58,2
2025-12-29,12,10,187,48,13
2025-12-29,160,1,163,57,10
2025-12-29,259,15,326,49,12
2025-12-29,73,11,409,57,8
2025-12-29,280,17,472,34,2
2025-12-29,129,11,492,72,11
2025-12-29,244,1,447,31,5
2025-12-29,139,12,340,37,11
2025-12-29,43,14,63,53,12
2025-12-28,77,18,198,26,9
2025-12-28,64,3,255,36,12
2025-12-28,101,6,142,35,12
2025-12-28,11,9,477,61,13
2025-12-28,279,11,465,50,10
2025-12-28,42,18,91,70,8
2025-12-28,181,4,248,30,11
2025-12-28,42,14,342,65,3
2025-12-28,112,9,430,56,13
2025-12-28,198,18,176,30,7
2025-12-28,251,4,43,46,9
2025-12-28,75,1,315,31,7
2025-12-28,273,2,463,46,5
2025-12-28,172,4,384,28,6
2025-12-28,290,4,188,38,7
2025-12-28,265,17,173,55,10
2025-12-28,273,3,-5,54,11
2025-12-28,167,6,312,24,3
2025-12-28,216,17,154,31,3
2025-12-28,94,14,281,36,4
2025-12-28,96,8,353,39,2
2025-12-28,183,7,463,77,11
2025-12-28,236,16,177,35,13
2025-12-28,45,10,458,74,2
2025-12-28,139,17,336,35,5
2025-12-28,17,14,345,26,2
2025-12-28,64,3,130,74,3
2025-12-28,277,14,187,50,10
2025-12-28,232,8,190,70,11
2025-12-28,168,1,206,33,4
2025-12-28,121,2,355,79,6
2025-12-28,252,18,106,32,13
2025-12-28,126,3,497,42,13
2025-12-28,86,2,3,63,4
2025-12-28,41,15,60,20,7
2025-12-28,227,2,55,52,7
2025-12-28,294,14,309,46,5
2025-12-28,214,1,290,42,7
2025-12-28,251,12,146,55,9
2025-12-28,44,14,319,53,5
2025-12-28,220,7,226,32,4
2025-12-28,153,9,408,38,5
2025-12-28,271,16,373,32,7
2025-12-28,89,7,355,78,5
2025-12-28,167,5,9,74,6
2025-12-28,25,5,11,65,3
2025-12-28,156,2,98,77,5
2025-12-28,4,3,412,33,7
2025-12-28,12,18,424,39,8
2025-12-28,6,9,69,44,10
2025-12-27,24,3,70,46,9
2025-12-27,46,16,216,70,3
2025-12-27,232,16,87,69,5
2025-12-27,185,6,251,76,11
2025-12-27,89,17,381,42,3
2025-12-27,259,3,328,24,10
2025-12-27,62,9,348,65,6
2025-12-27,299,14,188,57,12
2025-12-27,209,12,388,52,2
2025-12-27,147,17,87,60,9
2025-12-27,82,14,472,46,10
2025-12-27,230,7,366,77,6
2025-12-27,108,2,15,37,11
2025-12-27,105,16,25,49,6
2025-12-27,260,12,336,54,11
2025-12-27,70,17,400,31,12
2025-12-27,169,7,379,32,8
2025-12-27,4,15,308,24,8
2025-12-27,181,4,33,60,8
2025-12-27,226,16,80,47,11
2025-12-27,232,8,119,78,3
2025-12-27,63,6,268,51,10
2025-12-27,56,10,428,44,8
2025-12-27,22,9,410,55,10
2025-12-27,178,2,347,45,9
2025-12-27,184,6,99,37,7
2025-12-27,189,11,166,78,9
2025-12-27,80,13,219,24,8
2025-12-27,47,15,346,38,2
2025-12-27,78,12,480,59,12
2025-12-27,107,15,261,54,12
2025-12-27,110,14,224,48,6
2025-12-27,278,16,259,21,8
2025-12-27,132,14,301,47,3
2025-12-27,274,9,225,45,6
2025-12-27,3,8,185,74,4
2025-12-27,272,1,241,39,8
2025-12-27,174,17,86,66,11
2025-12-27,299,9,360,41,13
2025-12-27,76,12,17,44,9
2025-12-27,119,13,224,70,10
2025-12-27,167,5,326,68,8
2025-12-27,277,13,83,54,12
2025-12-27,168,2,211,40,3
2025-12-27,181,11,256,22,8
2025-12-27,262,12,213,74,9
2025-12-27,250,5,385,24,12
2025-12-27,274,10,246,26,7
2025-12-27,138,4,109,29,6
2025-12-27,43,4,345,37,11
2025-12-26,193,10,161,55,4
2025-12-26,203,16,281,63,6
2025-12-26,83,18,361,54,5
2025-12-26,220,9,80,57,11
2025-12-26,146,2,335,55,10
2025-12-26,278,7,461,60,12
2025-12-26,161,7,179,65,10
2025-12-26,264,18,298,75,10
2025-12-26,220,2,242,51,9
2025-12-26,33,9,405,61,8
2025-12-26,34,2,132,51,9
2025-12-26,264,6,225,62,12
2025-12-26,88,16,434,45,2
2025-12-26,156,7,353,67,5
2025-12-26,41,18,52,42,2
2025-12-26,201,14,301,57,8
2025-12-26,258,8,300,39,11
2025-12-26,225,11,9999,66,6
2025-12-26,269,10,180,40,2
2025-12-26,191,1,280,64,5
2025-12-26,62,6,57,21,9
2025-12-26,112,15,143,54,3
2025-12-26,291,1,87,63,5
2025-12-26,223,8,153,25,10
2025-12-26,249,3,56,57,7
2025-12-26,163,11,159,64,4
2025-12-26,231,6,118,27,9
2025-12-26,62,13,397,40,4
2025-12-26,116,13,225,40,9
2025-12-26,279,1,27,30,5
2025-12-26,156,6,135,24,9
2025-12-26,168,12,282,58,6
2025-12-26,128,16,404,21,10
2025-12-26,123,3,131,57,11
2025-12-26,282,12,189,64,7
2025-12-26,226,2,159,64,3
2025-12-26,254,9,246,71,10
2025-12-26,42,4,239,74,13
2025-12-26,116,16,239,29,3
2025-12-26,130,15,410,56,3
2025-12-26,119,1,120,36,8
2025-12-26,183,8,195,28,8
2025-12-26,120,12,127,53,8
2025-12-26,120,14,113,50,3
2025-12-26,245,10,11,69,8
2025-12-26,71,5,52,70,6
2025-12-26,71,18,414,40,9
2025-12-26,93,3,396,71,11
2025-12-26,159,5,143,65,6
2025-12-26,28,10,304,21,3
2025-12-25,65,7,453,51,2
2025-12-25,97,9,129,47,10
2025-12-25,110,1,113,30,11
2025-12-25,154,10,210,66,2
2025-12-25,168,18,280,44,11
2025-12-25,103,2,120,76,3
2025-12-25,24,2,377,41,11
2025-12-25,83,13,326,66,6
2025-12-25,148,12,410,51,8
2025-12-25,84,5,304,61,5
2025-12-25,247,6,450,36,8
2025-12-25,60,12,258,49,7
2025-12-25,220,8,55,69,9
2025-12-25,25,4,422,20,5
2025-12-25,219,7,216,65,3
2025-12-25,227,16,266,50,12
2025-12-25,76,5,378,59,12
2025-12-25,259,8,280,66,12
2025-12-25,277,10,373,46,10
2025-12-25,223,5,469,62,11
2025-12-25,132,14,409,44,4
2025-12-25,287,3,436,56,10
2025-12-25,255,4,204,61,2
2025-12-25,46,4,444,70,4
2025-12-25,190,12,426,23,10
2025-12-25,91,5,388,39,5
2025-12-25,241,2,24,35,10
2025-12-25,189,6,301,62,7
2025-12-25,252,17,191,45,4
2025-12-25,54,8,32,62,10
2025-12-25,226,13,109,59,4
2025-12-25,112,3,139,62,5
2025-12-25,159,16,311,20,5
2025-12-25,61,17,178,43,13
2025-12-25,195,14,68,59,7
2025-12-25,242,18,38,21,8
2025-12-25,270,6,234,32,10
2025-12-25,129,9,15,74,11
2025-12-25,41,1,4,38,12
2025-12-25,270,11,4,35,5
2025-12-25,136,8,334,63,2
2025-12-25,238,2,400,41,5
2025-12-25,199,13,323,79,11
2025-12-25,270,4,268,34,5
2025-12-25,274,9,9999,64,12
2025-12-25,2,13,415,77,10
2025-12-25,92,16,268,24,12
2025-12-25,3,14,363,68,8
2025-12-25,28,11,219,64,5
2025-12-25,139,6,52,55,8
2025-12-24,110,7,255,45,9
2025-12-24,248,3,260,51,5
2025-12-24,294,14,282,65,13
2025-12-24,118,15,209,29,12
2025-12-24,34,11,228,74,3
2025-12-24,26,15,65,24,13
2025-12-24,115,9,227,60,7
2025-12-24,209,13,115,76,7
2025-12-24,5,9,355,58,6
2025-12-24,50,6,469,44,2
2025-12-24,277,15,352,35,2
2025-12-24,127,7,298,25,7
2025-12-24,221,1,450,76,5
2025-12-24,58,4,267,61,10
2025-12-24,133,11,347,49,2
2025-12-24,39,5,405,54,7
2025-12-24,203,16,337,77,11
2025-12-24,157,1,209,74,7
2025-12-24,260,9,349,25,13
2025-12-24,101,4,155,20,10
2025-12-24,235,15,120,20,7
2025-12-24,20,8,437,47,2
2025-12-24,28,15,181,60,4
2025-12-24,38,17,396,56,6
2025-12-24,204,4,152,50,3
2025-12-24,39,17,498,59,2
2025-12-24,248,6,445,29,13
2025-12-24,218,1,451,36,8
2025-12-24,4,4,17,79,10
2025-12-24,216,8,56,58,13
2025-12-24,102,10,412,35,8
2025-12-24,113,7,127,21,3
2025-12-24,275,4,208,37,2
2025-12-24,107,15,379,77,13
2025-12-24,27,15,286,44,4
2025-12-24,267,17,242,46,4
2025-12-24,130,5,358,75,3
2025-12-24,144,11,422,71,4
2025-12-24,281,1,464,79,7
2025-12-24,214,6,476,48,11
2025-12-24,284,7,438,65,9
2025-12-24,18,11,245,38,3
2025-12-24,235,7,459,29,13
2025-12-24,89,7,326,21,9
2025-12-24,217,12,79,53,9
2025-12-24,282,15,448,47,7
2025-12-24,86,5,495,67,10
2025-12-24,167,8,254,65,4
2025-12-24,135,10,158,28,5
2025-12-24,300,8,3,77,11
2025-12-23,113,15,483,30,10
2025-12-23,16,3,107,65,11
2025-12-23,88,9,150,79,7
2025-12-23,146,7,360,53,8
2025-12-23,299,14,315,64,3
2025-12-23,297,15,425,47,12
2025-12-23,254,7,9999,22,3
2025-12-23,89,7,339,75,5
2025-12-23,93,12,435,30,5
2025-12-23,192,10,283,33,10
2025-12-23,266,8,270,27,9
2025-12-23,115,10,242,57,5
2025-12-23,280,7,357,45,3
2025-12-23,161,1,63,43,13
2025-12-23,241,6,80,53,8
2025-12-23,232,13,124,42,4
2025-12-23,163,5,382,74,10
2025-12-23,290,12,110,33,9
2025-12-23,139,11,12,40,4
2025-12-23,216,11,241,69,2
2025-12-23,56,12,334,34,3
2025-12-23,296,7,492,22,9
2025-12-23,131,5,481,61,8
2025-12-23,218,12,395,22,7
2025-12-23,130,14,15,65,12
2025-12-23,293,4,493,48,7
2025-12-23,180,15,391,48,13
2025-12-23,5,13,30,23,8
2025-12-23,43,17,433,27,3
2025-12-23,275,15,486,59,6
2025-12-23,297,8,496,27,12
2025-12-23,38,12,269,30,6
2025-12-23,261,3,207,77,6
2025-12-23,27,18,349,78,13
2025-12-23,127,16,160,47,11
2025-12-23,294,13,267,60,12
2025-12-23,128,15,206,38,12
2025-12-23,259,13,323,57,4
2025-12-23,53,3,-5,78,10
2025-12-23,124,8,363,69,8
2025-12-23,183,11,147,43,6
2025-12-23,231,17,152,65,11
2025-12-23,296,11,441,77,13
2025-12-23,56,2,370,32,12
2025-12-23,58,14,385,28,3
2025-12-23,267,12,397,65,12
2025-12-23,161,8,160,67,10
2025-12-23,108,18,32,34,2
2025-12-23,210,8,206,66,12
2025-12-23,21,12,192,64,4
2025-12-22,107,9,388,56,6
2025-12-22,269,15,117,72,12
2025-12-22,3,15,260,61,7
2025-12-22,228,9,33,73,11
2025-12-22,211,6,404,28,3
2025-12-22,164,8,198,34,13
2025-12-22,208,7,11,39,10
2025-12-22,174,5,18,31,6
2025-12-22,285,4,400,60,12
2025-12-22,163,7,12,61,2
2025-12-22,193,5,469,63,6
2025-12-22,222,3,255,31,9
2025-12-22,114,13,413,59,3
2025-12-22,140,5,239,68,8
2025-12-22,209,18,469,32,6
2025-12-22,40,15,276,45,3
2025-12-22,182,14,175,32,2
2025-12-22,236,17,75,23,7
2025-12-22,128,9,9999,43,7
2025-12-22,218,9,22,73,13
2025-12-22,288,13,352,37,10
2025-12-22,161,18,349,44,5
2025-12-22,162,7,205,21,13
2025-12-22,37,2,327,38,6
2025-12-22,1,18,473,63,4
2025-12-22,101,17,203,36,3
2025-12-22,297,7,375,65,4
2025-12-22,291,7,293,32,8
2025-12-22,265,3,21,64,11
2025-12-22,132,14,307,78,9
2025-12-22,289,10,486,27,8
2025-12-22,258,4,365,78,10
2025-12-22,251,10,429,23,7
2025-12-22,228,6,493,44,2
2025-12-22,24,6,420,20,7
2025-12-22,260,10,219,33,10
2025-12-22,125,15,293,37,9
2025-12-22,113,1,380,33,10
2025-12-22,141,16,460,66,5
2025-12-22,55,4,495,32,11
2025-12-22,196,16,384,32,2
2025-12-22,41,5,477,34,8
2025-12-22,26,5,5,28,3
2025-12-22,164,16,353,43,13
2025-12-22,281,16,477,28,12
2025-12-22,259,13,119,26,3
2025-12-22,218,1,62,26,7
2025-12-22,205,14,74,78,6
2025-12-22,227,10,466,32,12
2025-12-22,174,15,482,46,10
2025-12-21,210,8,363,63,6
2025-12-21,86,9,222,26,13
2025-12-21,116,5,431,55,5
2025-12-21,245,8,372,59,7
2025-12-21,190,5,466,42,9
2025-12-21,120,12,350,37,5
2025-12-21,114,4,271,66,2
2025-12-21,251,14,146,54,9
2025-12-21,102,2,438,50,11
2025-12-21,153,18,148,39,5
2025-12-21,155,16,225,38,5
2025-12-21,60,9,220,44,9
2025-12-21,193,10,153,22,13
2025-12-21,129,6,51,74,11
2025-12-21,244,16,334,75,9
2025-12-21,80,12,38,52,2
2025-12-21,51,6,178,24,12
2025-12-21,239,1,164,52,13
2025-12-21,227,8,209,57,11
2025-12-21,129,13,206,25,8
2025-12-21,25,1,273,30,3
2025-12-21,26,7,166,23,12
2025-12-21,16,5,162,71,2
2025-12-21,87,1,334,40,13
2025-12-21,127,13,415,40,9
2025-12-21,15,7,479,28,13
2025-12-21,115,18,436,79,6
2025-12-21,245,4,178,51,11
2025-12-21,162,4,250,41,2
2025-12-21,227,17,487,74,6
2025-12-21,259,17,392,73,8
2025-12-21,228,1,359,79,11
2025-12-21,285,17,223,37,5
2025-12-21,41,16,107,68,11
2025-12-21,258,11,271,54,13
2025-12-21,127,3,176,24,11
2025-12-21,35,16,360,58,9
2025-12-21,199,8,50,49,13
2025-12-21,10,5,485,37,11
2025-12-21,40,1,346,32,8
2025-12-21,37,5,422,50,13
2025-12-21,65,16,235,69,7
2025-12-21,63,11,274,20,6
2025-12-21,87,2,32,51,5
2025-12-21,285,9,433,49,2
2025-12-21,116,2,78,63,10
2025-12-21,66,11,339,25,10
2025-12-21,5,12,32,24,11
2025-12-21,253,17,385,31,6
2025-12-21,66,5,261,32,10
2025-12-20,141,15,487,74,10
2025-12-20,166,14,156,45,10
2025-12-20,125,8,412,26,4
2025-12-20,71,17,324,55,2
2025-12-20,33,5,186,43,2
2025-12-20,121,5,434,39,3
2025-12-20,125,12,313,76,2
2025-12-20,82,7,278,20,7
2025-12-20,198,4,485,63,9
2025-12-20,284,11,156,36,9
2025-12-20,209,7,3,69,10
2025-12-20,61,3,9,59,12
2025-12-20,170,1,127,64,10
2025-12-20,266,5,10,25,12
2025-12-20,282,18,226,39,2
2025-12-20,101,1,72,38,7
2025-12-20,23,10,142,36,10
2025-12-20,1,18,390,35,10
2025-12-20,279,7,162,69,2
2025-12-20,191,5,50,45,6
2025-12-20,70,14,40,78,4
2025-12-20,64,5,219,56,3
2025-12-20,96,8,108,57,6
2025-12-20,181,7,136,42,13
2025-12-20,97,6,397,68,4
2025-12-20,108,17,137,28,10
2025-12-20,164,7,152,33,9
2025-12-20,164,11,-5,73,7
2025-12-20,56,3,224,45,4
2025-12-20,81,15,276,35,11
2025-12-20,214,10,249,49,6
2025-12-20,183,1,287,71,4
2025-12-20,43,18,432,29,3
2025-12-20,49,12,358,76,2
2025-12-20,203,7,84,25,8
2025-12-20,192,1,285,24,2
2025-12-20,6,13,377,25,2
2025-12-20,134,4,365,73,12
2025-12-20,91,9,91,36,4
2025-12-20,226,11,443,30,11
2025-12-20,94,16,43,39,8
2025-12-20,144,12,286,36,12
2025-12-20,298,15,344,72,12
2025-12-20,96,6,499,47,4
2025-12-20,170,13,453,46,10
2025-12-20,31,5,55,66,12
2025-12-20,132,12,147,69,6
2025-12-20,183,7,78,69,12
2025-12-20,4,7,471,44,11
2025-12-20,115,4,35,22,11
2025-12-19,165,2,200,72,4
2025-12-19,161,1,224,40,4
2025-12-19,123,11,456,22,7
2025-12-19,163,6,66,46,9
2025-12-19,294,9,353,41,11
2025-12-19,228,16,15,29,7
2025-12-19,159,13,159,27,8
2025-12-19,284,4,149,70,4
2025-12-19,241,14,411,59,6
2025-12-19,16,17,357,21,3
2025-12-19,140,7,295,42,7
2025-12-19,238,6,331,25,8
2025-12-19,231,17,137,77,6
2025-12-19,173,14,370,73,11
2025-12-19,78,14,460,22,4
2025-12-19,175,9,150,48,2
2025-12-19,126,1,318,64,2
2025-12-19,131,12,474,51,4
2025-12-19,115,13,401,63,10
2025-12-19,203,17,331,35,11
2025-12-19,260,3,142,49,10
2025-12-19,6,6,145,47,2
2025-12-19,127,2,198,78,6
2025-12-19,128,14,63,76,2
2025-12-19,197,2,43,56,11
2025-12-19,258,11,75,49,2
2025-12-19,164,6,219,74,8
2025-12-19,287,18,466,27,3
2025-12-19,90,7,326,64,8
2025-12-19,217,6,425,75,3
2025-12-19,161,2,56,76,4
2025-12-19,177,16,318,53,8
2025-12-19,126,3,400,25,7
2025-12-19,237,16,258,56,11
2025-12-19,56,1,292,25,10
2025-12-19,94,15,179,26,13
2025-12-19,139,18,221,66,3
2025-12-19,184,5,363,51,3
2025-12-19,293,7,337,66,8
2025-12-19,91,15,193,22,3
2025-12-19,160,17,218,75,4
2025-12-19,290,17,309,72,3
2025-12-19,282,9,483,27,2
2025-12-19,210,15,219,59,7
2025-12-19,215,7,0,36,7
2025-12-19,33,13,-5,69,9
2025-12-19,123,10,201,20,5
2025-12-19,166,12,450,43,7
2025-12-19,257,10,249,65,7
2025-12-19,174,2,73,45,7
2025-12-18,209,12,210,68,2
2025-12-18,266,18,226,74,2
2025-12-18,270,8,410,74,10
2025-12-18,92,14,295,31,3
2025-12-18,245,4,387,46,7
2025-12-18,286,2,188,41,2
2025-12-18,229,2,36,71,10
2025-12-18,41,11,388,57,5
2025-12-18,189,6,107,70,6
2025-12-18,166,11,339,55,3
2025-12-18,230,6,387,40,11
2025-12-18,229,17,68,67,10
2025-12-18,145,7,102,23,2
2025-12-18,25,16,410,24,11
2025-12-18,246,7,337,38,12
2025-12-18,181,6,174,41,6
2025-12-18,290,16,351,23,4
2025-12-18,29,3,450,27,11
2025-12-18,266,11,397,60,4
2025-12-18,173,6,61,60,13
2025-12-18,238,3,438,56,12
2025-12-18,244,14,297,67,6
2025-12-18,281,11,433,63,6
2025-12-18,148,1,118,62,12
2025-12-18,212,18,113,27,5
2025-12-18,263,16,250,40,9
2025-12-18,93,15,243,79,2
2025-12-18,296,11,253,34,12
2025-12-18,266,8,57,64,9
2025-12-18,133,18,420,53,10
2025-12-18,289,2,344,74,5
2025-12-18,35,2,477,56,2
2025-12-18,45,15,451,62,2
2025-12-18,268,16,283,34,2
2025-12-18,268,13,311,36,11
2025-12-18,120,17,128,59,10
2025-12-18,69,9,20,56,6
2025-12-18,299,13,424,67,10
2025-12-18,24,6,311,74,11
2025-12-18,8,7,231,41,11
2025-12-18,153,4,156,33,7
2025-12-18,33,6,276,20,13
2025-12-18,29,10,74,28,12
2025-12-18,105,10,197,42,8
2025-12-18,98,2,363,62,3
2025-12-18,290,11,308,79,11
2025-12-18,242,2,51,27,6
2025-12-18,149,5,376,29,2
2025-12-18,87,4,229,31,9
2025-12-18,105,15,410,51,8
2025-12-17,275,8,396,50,2
2025-12-17,26,6,473,73,4
2025-12-17,242,14,12,75,7
2025-12-17,216,15,261,48,6
2025-12-17,126,6,307,20,7
2025-12-17,203,11,231,24,2
2025-12-17,127,7,154,36,8
2025-12-17,16,11,13,46,9
2025-12-17,130,1,465,57,12
2025-12-17,57,18,345,77,11
2025-12-17,107,6,428,25,12
2025-12-17,138,5,333,23,3
2025-12-17,245,12,102,77,13
2025-12-17,14,2,435,40,5
2025-12-17,282,12,329,40,8
2025-12-17,275,17,192,31,12
2025-12-17,235,11,347,38,3
2025-12-17,195,5,374,34,2
2025-12-17,261,13,186,41,8
2025-12-17,223,14,321,75,6
2025-12-17,241,11,39,41,12
2025-12-17,5,8,214,20,5
2025-12-17,188,17,207,62,10
2025-12-17,138,18,359,66,9
2025-12-17,276,4,317,20,10
2025-12-17,111,15,111,41,2
2025-12-17,191,12,48,61,11
2025-12-17,206,16,451,28,8
2025-12-17,189,8,0,68,12
2025-12-17,80,10,459,74,12
2025-12-17,288,10,104,47,4
2025-12-17,209,13,74,62,4
2025-12-17,262,14,189,77,6
2025-12-17,280,8,423,74,5
2025-12-17,166,11,93,20,10
2025-12-17,170,2,277,56,7
2025-12-17,123,11,385,54,2
2025-12-17,153,14,137,45,9
2025-12-17,292,9,401,32,8
2025-12-17,111,12,103,53,2
2025-12-17,145,5,188,20,2
2025-12-17,62,3,342,39,2
2025-12-17,187,7,94,28,11
2025-12-17,160,8,498,63,4
2025-12-17,248,1,393,71,9
2025-12-17,271,17,209,75,13
2025-12-17,279,2,7,43,12
2025-12-17,255,4,469,50,2
2025-12-17,136,12,357,60,11
2025-12-17,198,12,298,60,9
2025-12-16,247,14,148,25,4
2025-12-16,71,1,29,26,13
2025-12-16,297,9,193,37,3
2025-12-16,24,7,235,41,10
2025-12-16,209,3,69,23,6
2025-12-16,220,2,95,24,7
2025-12-16,119,10,314,27,12
2025-12-16,135,9,320,71,8
2025-12-16,32,7,320,65,11
2025-12-16,44,1,42,30,11
2025-12-16,195,8,107,53,12
2025-12-16,148,16,124,34,12
2025-12-16,243,16,356,64,9
2025-12-16,195,15,327,74,8
2025-12-16,207,14,123,53,10
2025-12-16,169,15,377,47,11
2025-12-16,113,10,215,55,7
2025-12-16,19,3,448,78,6
2025-12-16,188,12,498,58,4
2025-12-16,149,7,152,47,3
2025-12-16,243,10,11,23,2
2025-12-16,107,7,460,28,6
2025-12-16,235,14,471,56,11
2025-12-16,121,5,158,62,12
2025-12-16,114,2,417,34,4
2025-12-16,116,12,405,54,4
2025-12-16,250,2,309,56,7
2025-12-16,17,7,270,74,2
2025-12-16,56,10,220,49,9
2025-12-16,120,14,450,24,8
2025-12-16,133,10,393,20,10
2025-12-16,202,13,257,76,6
2025-12-16,197,12,9,74,3
2025-12-16,221,4,447,72,5
2025-12-16,79,16,103,23,10
2025-12-16,266,8,420,45,11
2025-12-16,140,1,443,70,4
2025-12-16,152,12,258,53,7
2025-12-16,70,12,13,67,7
2025-12-16,139,18,347,47,3
2025-12-16,187,18,120,20,7
2025-12-16,80,5,471,59,4
2025-12-16,90,4,446,25,5
2025-12-16,127,4,41,71,11
2025-12-16,77,14,183,52,12
2025-12-16,239,13,324,36,5
2025-12-16,219,18,426,34,6
2025-12-16,132,14,364,66,12
2025-12-16,138,4,386,37,8
2025-12-16,86,15,403,41,5
2025-12-15,111,9,295,55,5
2025-12-15,170,12,318,41,12
2025-12-15,144,1,90,57,5
2025-12-15,85,13,297,69,9
2025-12-15,193,14,385,65,13
2025-12-15,157,14,467,56,11
2025-12-15,182,2,328,65,13
2025-12-15,272,15,288,44,6
2025-12-15,248,13,333,23,7
2025-12-15,46,12,406,21,8
2025-12-15,182,1,121,27,13
2025-12-15,162,11,457,25,2
2025-12-15,257,5,119,37,9
2025-12-15,189,18,-5,20,3
2025-12-15,296,16,352,21,6
2025-12-15,36,14,132,22,8
2025-12-15,133,17,401,21,13
2025-12-15,226,1,78,79,12
2025-12-15,164,6,391,75,12
2025-12-15,207,5,24,34,12
2025-12-15,46,7,33,42,3
2025-12-15,222,10,83,36,7
2025-12-15,230,16,168,25,8
2025-12-15,68,8,229,56,2
2025-12-15,194,14,274,66,7
2025-12-15,110,11,461,40,6
2025-12-15,235,4,232,54,6
2025-12-15,48,6,325,47,8
2025-12-15,71,3,230,60,3
2025-12-15,89,15,391,32,9
2025-12-15,186,2,234,71,11
2025-12-15,135,12,364,54,2
2025-12-15,68,1,402,64,4
2025-12-15,274,4,273,77,5
2025-12-15,57,13,391,36,7
2025-12-15,184,2,147,75,3
2025-12-15,7,12,171,39,12
2025-12-15,60,5,481,48,8
2025-12-15,81,12,32,33,12
2025-12-15,267,16,298,58,4
2025-12-15,140,11,432,37,3
2025-12-15,116,6,174,56,9
2025-12-15,120,2,440,36,9
2025-12-15,58,5,41,35,7
2025-12-15,36,11,358,33,8
2025-12-15,260,13,472,46,9
2025-12-15,138,13,264,44,6
2025-12-15,242,8,157,67,6
2025-12-15,243,18,61,36,8
2025-12-15,139,17,125,69,12
2025-12-14,142,12,179,43,3
2025-12-14,61,6,148,40,6
2025-12-14,208,5,457,79,13
2025-12-14,6,18,317,77,4
2025-12-14,13,12,491,65,8
2025-12-14,4,4,441,66,11
2025-12-14,104,11,12,67,7
2025-12-14,255,2,103,66,4
2025-12-14,231,18,463,28,13
2025-12-14,180,18,172,68,7
2025-12-14,198,11,171,23,12
2025-12-14,248,13,23,74,3
2025-12-14,127,1,30,52,6
2025-12-14,102,8,369,35,8
2025-12-14,139,2,423,34,11
2025-12-14,95,3,206,50,9
2025-12-14,10,4,408,51,9
2025-12-14,248,16,340,38,8
2025-12-14,275,3,63,69,8
2025-12-14,262,14,234,62,3
2025-12-14,118,12,68,48,3
2025-12-14,213,2,366,20,7
2025-12-14,117,1,216,57,13
2025-12-14,266,5,354,41,11
2025-12-14,176,9,458,50,6
2025-12-14,41,12,217,26,7
2025-12-14,177,18,163,31,10
2025-12-14,38,16,431,76,5
2025-12-14,105,5,300,28,13
2025-12-14,51,13,477,52,3
2025-12-14,148,1,272,46,2
2025-12-14,126,12,307,68,3
2025-12-14,119,14,124,77,11
2025-12-14,205,4,40,66,7
2025-12-14,246,15,351,37,13
2025-12-14,181,1,161,59,5
2025-12-14,274,10,273,62,3
2025-12-14,44,8,109,76,8
2025-12-14,56,17,260,54,6
2025-12-14,72,9,466,52,5
2025-12-14,262,3,399,48,11
2025-12-14,82,5,415,70,13
2025-12-14,129,11,380,70,6
2025-12-14,34,17,394,69,2
2025-12-14,15,11,481,20,3
2025-12-14,155,1,131,32,13
2025-12-14,292,16,142,79,9
2025-12-14,286,14,238,27,9
2025-12-14,99,6,280,54,3
2025-12-14,246,14,162,59,6
2025-12-13,262,2,471,51,4
2025-12-13,268,2,184,61,8
2025-12-13,269,17,169,30,3
2025-12-13,71,18,301,50,11
2025-12-13,156,4,279,20,12
2025-12-13,268,5,17,37,12
2025-12-13,133,18,145,50,2
2025-12-13,173,18,98,22,12
2025-12-13,271,4,66,61,11
2025-12-13,253,8,171,27,7
2025-12-13,257,7,162,58,9
2025-12-13,109,18,129,49,8
2025-12-13,209,9,259,79,7
2025-12-13,111,13,69,50,11
2025-12-13,247,13,435,73,6
2025-12-13,43,12,445,47,10
2025-12-13,159,15,311,46,4
2025-12-13,268,1,375,71,3
2025-12-13,168,4,262,70,4
2025-12-13,274,13,346,78,12
2025-12-13,70,6,445,60,5
2025-12-13,44,14,69,79,4
2025-12-13,217,12,421,34,4
2025-12-13,16,16,468,34,10
2025-12-13,172,9,101,74,11
2025-12-13,7,14,68,69,7
2025-12-13,295,3,112,78,11
2025-12-13,42,2,394,68,11
2025-12-13,75,6,368,72,11
2025-12-13,149,5,181,79,9
2025-12-13,250,13,419,43,10
2025-12-13,112,5,456,74,6
2025-12-13,182,4,400,28,7
2025-12-13,212,15,14,78,2
2025-12-13,240,16,169,34,2
2025-12-13,81,18,342,24,11
2025-12-13,194,5,384,34,5
2025-12-13,104,14,180,28,3
2025-12-13,128,2,145,27,13
2025-12-13,226,10,251,38,8
2025-12-13,275,1,73,37,6
2025-12-13,199,5,452,28,12
2025-12-13,269,6,221,23,13
2025-12-13,170,16,244,32,2
2025-12-13,36,5,85,41,10
2025-12-13,138,13,41,63,12
2025-12-13,211,4,325,71,8
2025-12-13,135,15,478,54,10
2025-12-13,278,17,211,37,13
2025-12-13,167,15,39,39,13
