snapshot_date,store_id,product_id,stock_on_hand,reorder_point,lead_time_days
2025-12-13,1,43,445,47,10
2025-12-13,1,217,421,34,4
2025-12-13,1,268,375,71,3
2025-12-13,1,275,73,37,6
2025-12-13,2,42,394,68,11
2025-12-13,2,111,69,50,11
2025-12-13,2,128,145,27,13
2025-12-13,2,138,41,63,12
2025-12-13,2,247,435,73,6
2025-12-13,2,250,419,43,10
2025-12-13,2,262,471,51,4
2025-12-13,2,268,184,61,8
2025-12-13,2,269,169,30,3
2025-12-13,2,274,346,78,12
2025-12-13,2,278,211,37,13
2025-12-13,3,226,251,38,8
2025-12-13,3,295,112,78,11
2025-12-13,4,156,279,20,12
2025-12-13,4,168,262,70,4
2025-12-13,4,182,400,28,7
2025-12-13,4,211,325,71,8
2025-12-13,4,271,66,61,11
2025-12-13,5,36,85,41,10
2025-12-13,5,112,456,74,6
2025-12-13,5,149,181,79,9
2025-12-13,5,194,384,34,5
2025-12-13,5,199,452,28,12
2025-12-13,5,268,17,37,12
2025-12-13,6,70,445,60,5
2025-12-13,6,75,368,72,11
2025-12-13,6,269,221,23,13
2025-12-13,7,7,68,69,7
2025-12-13,7,44,69,79,4
2025-12-13,7,104,180,28,3
2025-12-13,7,135,478,54,10
2025-12-13,7,159,311,46,4
2025-12-13,7,167,39,39,13
2025-12-13,7,212,14,78,2
2025-12-13,7,257,162,58,9
2025-12-13,8,16,468,34,10
2025-12-13,8,170,244,32,2
2025-12-13,8,240,169,34,2
2025-12-13,8,253,171,27,7
2025-12-13,9,71,301,50,11
2025-12-13,9,81,342,24,11
2025-12-13,9,109,129,49,8
2025-12-13,9,133,145,50,2
2025-12-13,9,172,101,74,11
2025-12-13,9,173,98,22,12
2025-12-13,9,209,259,79,7
2025-12-14,1,13,491,65,8
2025-12-14,1,41,217,26,7
2025-12-14,1,117,216,57,13
2025-12-14,1,118,68,48,3
2025-12-14,1,126,307,68,3
2025-12-14,1,127,30,52,6
2025-12-14,1,142,179,43,3
2025-12-14,1,148,272,46,2
2025-12-14,1,155,131,32,13
2025-12-14,1,181,161,59,5
2025-12-14,2,34,394,69,2
2025-12-14,2,51,477,52,3
2025-12-14,2,56,260,54,6
2025-12-14,2,139,423,34,11
2025-12-14,2,213,366,20,7
2025-12-14,2,248,23,74,3
2025-12-14,2,255,103,66,4
2025-12-14,3,95,206,50,9
2025-12-14,3,262,399,48,11
2025-12-14,3,274,273,62,3
2025-12-14,3,275,63,69,8
2025-12-14,4,4,441,66,11
2025-12-14,4,10,408,51,9
2025-12-14,4,205,40,66,7
2025-12-14,5,82,415,70,13
2025-12-14,5,105,300,28,13
2025-12-14,5,208,457,79,13
2025-12-14,5,266,354,41,11
2025-12-14,6,61,148,40,6
2025-12-14,6,99,280,54,3
2025-12-14,7,119,124,77,11
2025-12-14,7,246,513,59,13
2025-12-14,7,262,234,62,3
2025-12-14,7,286,238,27,9
2025-12-14,8,38,431,76,5
2025-12-14,8,44,109,76,8
2025-12-14,8,102,369,35,8
2025-12-14,8,248,340,38,8
2025-12-14,8,292,142,79,9
2025-12-14,9,6,317,77,4
2025-12-14,9,15,481,20,3
2025-12-14,9,72,466,52,5
2025-12-14,9,104,12,67,7
2025-12-14,9,129,380,70,6
2025-12-14,9,176,458,50,6
2025-12-14,9,177,163,31,10
2025-12-14,9,180,172,68,7
2025-12-14,9,198,171,23,12
2025-12-14,9,231,463,28,13
2025-12-15,1,7,171,39,12
2025-12-15,1,46,406,21,8
2025-12-15,1,68,402,64,4
2025-12-15,1,81,32,33,12
2025-12-15,1,135,364,54,2
2025-12-15,1,144,90,57,5
2025-12-15,1,170,318,41,12
2025-12-15,1,182,121,27,13
2025-12-15,1,226,78,79,12
2025-12-15,2,57,391,36,7
2025-12-15,2,85,297,69,9
2025-12-15,2,120,440,36,9
2025-12-15,2,133,401,21,13
2025-12-15,2,138,264,44,6
2025-12-15,2,139,125,69,12
2025-12-15,2,182,328,65,13
2025-12-15,2,184,147,75,3
2025-12-15,2,186,234,71,11
2025-12-15,2,248,333,23,7
2025-12-15,2,260,472,46,9
2025-12-15,3,71,230,60,3
2025-12-15,3,222,83,36,7
2025-12-15,4,235,232,54,6
2025-12-15,4,274,273,77,5
2025-12-15,5,58,41,35,7
2025-12-15,5,60,481,48,8
2025-12-15,5,207,24,34,12
2025-12-15,5,257,119,37,9
2025-12-15,6,48,325,47,8
2025-12-15,6,116,174,56,9
2025-12-15,6,164,391,75,12
2025-12-15,7,36,132,22,8
2025-12-15,7,46,33,42,3
2025-12-15,7,89,391,32,9
2025-12-15,7,157,467,56,11
2025-12-15,7,193,385,65,13
2025-12-15,7,194,274,66,7
2025-12-15,7,272,288,44,6
2025-12-15,8,68,229,56,2
2025-12-15,8,230,168,25,8
2025-12-15,8,242,157,67,6
2025-12-15,8,267,298,58,4
2025-12-15,8,296,352,21,6
2025-12-15,9,36,358,33,8
2025-12-15,9,110,461,40,6
2025-12-15,9,111,295,55,5
2025-12-15,9,140,432,37,3
2025-12-15,9,162,457,25,2
2025-12-15,9,189,0,20,3
2025-12-15,9,243,61,36,8
2025-12-16,1,44,42,30,11
2025-12-16,1,70,13,67,7
2025-12-16,1,71,29,26,13
2025-12-16,1,116,405,54,4
2025-12-16,1,140,443,70,4
2025-12-16,1,152,258,53,7
2025-12-16,1,188,498,58,4
2025-12-16,1,197,9,74,3
2025-12-16,2,114,417,34,4
2025-12-16,2,202,257,76,6
2025-12-16,2,220,95,24,7
2025-12-16,2,239,324,36,5
2025-12-16,2,250,309,56,7
2025-12-16,3,19,448,78,6
2025-12-16,3,56,220,49,9
2025-12-16,3,113,215,55,7
2025-12-16,3,119,314,27,12
2025-12-16,3,133,393,20,10
2025-12-16,3,209,69,23,6
2025-12-16,3,243,11,23,2
2025-12-16,4,90,446,25,5
2025-12-16,4,127,41,71,11
2025-12-16,4,138,386,37,8
2025-12-16,4,221,447,72,5
2025-12-16,5,80,471,59,4
2025-12-16,5,121,158,62,12
2025-12-16,7,17,270,74,2
2025-12-16,7,24,235,41,10
2025-12-16,7,32,320,65,11
2025-12-16,7,77,183,52,12
2025-12-16,7,86,403,41,5
2025-12-16,7,107,460,28,6
2025-12-16,7,120,450,24,8
2025-12-16,7,132,364,66,12
2025-12-16,7,149,152,47,3
2025-12-16,7,169,377,47,11
2025-12-16,7,195,327,74,8
2025-12-16,7,207,123,53,10
2025-12-16,7,235,471,56,11
2025-12-16,7,247,148,25,4
2025-12-16,8,79,103,23,10
2025-12-16,8,148,124,34,12
2025-12-16,8,195,107,53,12
2025-12-16,8,243,356,64,9
2025-12-16,8,266,420,45,11
2025-12-16,9,135,320,71,8
2025-12-16,9,139,347,47,3
2025-12-16,9,187,120,20,7
2025-12-16,9,219,426,34,6
2025-12-16,9,297,193,37,3
2025-12-17,1,111,103,53,2
2025-12-17,1,130,465,57,12
2025-12-17,1,136,357,60,11
2025-12-17,1,191,48,61,11
2025-12-17,1,198,298,60,9
2025-12-17,1,245,102,77,13
2025-12-17,1,248,393,71,9
2025-12-17,1,282,329,40,8
2025-12-17,2,14,435,40,5
2025-12-17,2,170,277,56,7
2025-12-17,2,188,207,62,10
2025-12-17,2,209,74,62,4
2025-12-17,2,261,186,41,8
2025-12-17,2,271,209,75,13
2025-12-17,2,275,192,31,12
2025-12-17,2,279,7,43,12
2025-12-17,3,62,342,39,2
2025-12-17,3,80,459,74,12
2025-12-17,3,288,104,47,4
2025-12-17,4,255,469,50,2
2025-12-17,4,276,317,20,10
2025-12-17,5,138,333,23,3
2025-12-17,5,145,188,20,2
2025-12-17,5,195,374,34,2
2025-12-17,6,26,473,73,4
2025-12-17,6,107,428,25,12
2025-12-17,6,126,307,20,7
2025-12-17,7,111,111,41,2
2025-12-17,7,127,154,36,8
2025-12-17,7,153,137,45,9
2025-12-17,7,187,94,28,11
2025-12-17,7,216,261,48,6
2025-12-17,7,223,321,75,6
2025-12-17,7,242,12,75,7
2025-12-17,7,262,189,77,6
2025-12-17,8,5,214,20,5
2025-12-17,8,160,498,63,4
2025-12-17,8,189,0,68,12
2025-12-17,8,206,451,28,8
2025-12-17,8,275,396,50,2
2025-12-17,8,280,423,74,5
2025-12-17,9,16,13,46,9
2025-12-17,9,57,345,77,11
2025-12-17,9,123,385,54,2
2025-12-17,9,138,359,66,9
2025-12-17,9,166,93,20,10
2025-12-17,9,203,231,24,2
2025-12-17,9,235,347,38,3
2025-12-17,9,241,39,41,12
2025-12-17,9,292,401,32,8
2025-12-18,1,148,118,62,12
2025-12-18,1,209,210,68,2
2025-12-18,2,35,477,56,2
2025-12-18,2,98,363,62,3
2025-12-18,2,120,128,59,10
2025-12-18,2,229,104,71,10
2025-12-18,2,242,51,27,6
2025-12-18,2,268,311,36,11
2025-12-18,2,286,188,41,2
2025-12-18,2,289,344,74,5
2025-12-18,2,299,424,67,10
2025-12-18,3,29,524,28,12
2025-12-18,3,105,197,42,8
2025-12-18,3,238,438,56,12
2025-12-18,4,87,229,31,9
2025-12-18,4,153,156,33,7
2025-12-18,4,245,387,46,7
2025-12-18,5,149,376,29,2
2025-12-18,6,24,311,74,11
2025-12-18,6,33,276,20,13
2025-12-18,6,173,61,60,13
2025-12-18,6,181,174,41,6
2025-12-18,6,189,107,70,6
2025-12-18,6,230,387,40,11
2025-12-18,7,8,231,41,11
2025-12-18,7,45,451,62,2
2025-12-18,7,92,295,31,3
2025-12-18,7,93,243,79,2
2025-12-18,7,105,410,51,8
2025-12-18,7,145,102,23,2
2025-12-18,7,244,297,67,6
2025-12-18,7,246,337,38,12
2025-12-18,8,25,410,24,11
2025-12-18,8,263,250,40,9
2025-12-18,8,266,57,64,9
2025-12-18,8,268,283,34,2
2025-12-18,8,270,410,74,10
2025-12-18,8,290,351,23,4
2025-12-18,9,41,388,57,5
2025-12-18,9,69,20,56,6
2025-12-18,9,133,420,53,10
2025-12-18,9,166,339,55,3
2025-12-18,9,212,113,27,5
2025-12-18,9,266,623,74,4
2025-12-18,9,281,433,63,6
2025-12-18,9,290,308,79,11
2025-12-18,9,296,253,34,12
2025-12-19,1,56,292,25,10
2025-12-19,1,126,318,64,2
2025-12-19,1,131,474,51,4
2025-12-19,1,161,224,40,4
2025-12-19,1,166,450,43,7
2025-12-19,2,16,357,21,3
2025-12-19,2,33,0,69,9
2025-12-19,2,115,401,63,10
2025-12-19,2,127,198,78,6
2025-12-19,2,159,159,27,8
2025-12-19,2,160,218,75,4
2025-12-19,2,161,56,76,4
2025-12-19,2,165,200,72,4
2025-12-19,2,174,73,45,7
2025-12-19,2,197,43,56,11
2025-12-19,2,203,331,35,11
2025-12-19,2,231,137,77,6
2025-12-19,2,290,309,72,3
2025-12-19,3,123,201,20,5
2025-12-19,3,126,400,25,7
2025-12-19,3,257,249,65,7
2025-12-19,3,260,142,49,10
2025-12-19,4,284,149,70,4
2025-12-19,5,184,363,51,3
2025-12-19,6,6,145,47,2
2025-12-19,6,163,66,46,9
2025-12-19,6,164,219,74,8
2025-12-19,6,217,425,75,3
2025-12-19,6,238,331,25,8
2025-12-19,7,78,460,22,4
2025-12-19,7,90,326,64,8
2025-12-19,7,91,193,22,3
2025-12-19,7,94,179,26,13
2025-12-19,7,128,63,76,2
2025-12-19,7,140,295,42,7
2025-12-19,7,173,370,73,11
2025-12-19,7,210,219,59,7
2025-12-19,7,215,0,36,7
2025-12-19,7,241,411,59,6
2025-12-19,7,293,337,66,8
2025-12-19,8,177,318,53,8
2025-12-19,8,228,15,29,7
2025-12-19,8,237,258,56,11
2025-12-19,9,123,456,22,7
2025-12-19,9,139,221,66,3
2025-12-19,9,175,150,48,2
2025-12-19,9,258,75,49,2
2025-12-19,9,282,483,27,2
2025-12-19,9,287,466,27,3
2025-12-19,9,294,353,41,11
2025-12-20,1,49,358,76,2
2025-12-20,1,101,72,38,7
2025-12-20,1,125,313,76,2
2025-12-20,1,132,147,69,6
2025-12-20,1,144,286,36,12
2025-12-20,1,170,127,64,10
2025-12-20,1,183,287,71,4
2025-12-20,1,192,285,24,2
2025-12-20,2,6,377,25,2
2025-12-20,2,71,324,55,2
2025-12-20,2,108,137,28,10
2025-12-20,2,170,453,46,10
2025-12-20,3,23,142,36,10
2025-12-20,3,56,224,45,4
2025-12-20,3,61,9,59,12
2025-12-20,3,214,249,49,6
2025-12-20,4,115,35,22,11
2025-12-20,4,134,365,73,12
2025-12-20,4,198,485,63,9
2025-12-20,5,31,55,66,12
2025-12-20,5,33,186,43,2
2025-12-20,5,64,219,56,3
2025-12-20,5,121,434,39,3
2025-12-20,5,191,50,45,6
2025-12-20,5,266,10,25,12
2025-12-20,6,96,499,47,4
2025-12-20,6,97,397,68,4
2025-12-20,7,4,471,44,11
2025-12-20,7,70,40,78,4
2025-12-20,7,81,276,35,11
2025-12-20,7,82,278,20,7
2025-12-20,7,141,487,74,10
2025-12-20,7,164,152,33,9
2025-12-20,7,166,156,45,10
2025-12-20,7,181,136,42,13
2025-12-20,7,183,78,69,12
2025-12-20,7,203,84,25,8
2025-12-20,7,209,3,69,10
2025-12-20,7,279,162,69,2
2025-12-20,7,298,344,72,12
2025-12-20,8,94,43,39,8
2025-12-20,8,96,108,57,6
2025-12-20,8,125,412,26,4
2025-12-20,9,1,390,35,10
2025-12-20,9,43,432,29,3
2025-12-20,9,91,91,36,4
2025-12-20,9,164,0,73,7
2025-12-20,9,226,443,30,11
2025-12-20,9,282,226,39,2
2025-12-20,9,284,156,36,9
2025-12-21,1,5,32,24,11
2025-12-21,1,25,273,30,3
2025-12-21,1,40,346,32,8
2025-12-21,1,80,38,52,2
2025-12-21,1,87,334,40,13
2025-12-21,1,120,350,37,5
2025-12-21,1,228,359,79,11
2025-12-21,1,239,164,52,13
2025-12-21,2,87,32,51,5
2025-12-21,2,102,438,50,11
2025-12-21,2,116,78,63,10
2025-12-21,2,127,415,40,9
2025-12-21,2,129,206,25,8
2025-12-21,2,227,487,74,6
2025-12-21,2,253,385,31,6
2025-12-21,2,259,392,73,8
2025-12-21,2,285,223,37,5
2025-12-21,3,127,176,24,11
2025-12-21,3,193,153,22,13
2025-12-21,4,114,271,66,2
2025-12-21,4,162,250,41,2
2025-12-21,4,245,178,51,11
2025-12-21,5,10,485,37,11
2025-12-21,5,16,162,71,2
2025-12-21,5,37,422,50,13
2025-12-21,5,66,261,32,10
2025-12-21,5,116,431,55,5
2025-12-21,5,190,466,42,9
2025-12-21,6,51,178,24,12
2025-12-21,6,129,51,74,11
2025-12-21,7,15,479,28,13
2025-12-21,7,26,166,23,12
2025-12-21,7,251,146,54,9
2025-12-21,8,35,360,58,9
2025-12-21,8,41,107,68,11
2025-12-21,8,65,235,69,7
2025-12-21,8,155,225,38,5
2025-12-21,8,199,50,49,13
2025-12-21,8,210,363,63,6
2025-12-21,8,227,209,57,11
2025-12-21,8,244,334,75,9
2025-12-21,8,245,372,59,7
2025-12-21,9,60,220,44,9
2025-12-21,9,63,274,20,6
2025-12-21,9,66,339,25,10
2025-12-21,9,86,222,26,13
2025-12-21,9,115,436,79,6
2025-12-21,9,153,148,39,5
2025-12-21,9,258,271,54,13
2025-12-21,9,285,433,49,2
2025-12-22,1,113,380,33,10
2025-12-22,1,218,62,26,7
2025-12-22,2,37,327,38,6
2025-12-22,2,101,203,36,3
2025-12-22,2,114,413,59,3
2025-12-22,2,236,75,23,7
2025-12-22,2,259,119,26,3
2025-12-22,2,288,352,37,10
2025-12-22,3,222,255,31,9
2025-12-22,3,227,466,32,12
2025-12-22,3,251,429,23,7
2025-12-22,3,260,219,33,10
2025-12-22,3,265,21,64,11
2025-12-22,3,289,486,27,8
2025-12-22,4,55,495,32,11
2025-12-22,4,258,365,78,10
2025-12-22,4,285,400,60,12
2025-12-22,5,26,5,28,3
2025-12-22,5,41,477,34,8
2025-12-22,5,140,239,68,8
2025-12-22,5,174,18,31,6
2025-12-22,5,193,469,63,6
2025-12-22,6,24,420,20,7
2025-12-22,6,211,404,28,3
2025-12-22,6,228,493,44,2
2025-12-22,7,3,260,61,7
2025-12-22,7,40,276,45,3
2025-12-22,7,125,293,37,9
2025-12-22,7,132,307,78,9
2025-12-22,7,162,205,21,13
2025-12-22,7,163,12,61,2
2025-12-22,7,174,482,46,10
2025-12-22,7,182,175,32,2
2025-12-22,7,205,74,78,6
2025-12-22,7,208,11,39,10
2025-12-22,7,269,117,72,12
2025-12-22,7,291,293,32,8
2025-12-22,7,297,375,65,4
2025-12-22,8,141,460,66,5
2025-12-22,8,164,551,43,13
2025-12-22,8,196,384,32,2
2025-12-22,8,281,477,28,12
2025-12-22,9,1,473,63,4
2025-12-22,9,107,388,56,6
2025-12-22,9,128,260,43,7
2025-12-22,9,161,349,44,5
2025-12-22,9,209,469,32,6
2025-12-22,9,218,22,73,13
2025-12-22,9,228,33,73,11
2025-12-23,1,21,192,64,4
2025-12-23,1,38,269,30,6
2025-12-23,1,56,334,34,3
2025-12-23,1,93,435,30,5
2025-12-23,1,161,63,43,13
2025-12-23,1,218,395,22,7
2025-12-23,1,267,397,65,12
2025-12-23,1,290,110,33,9
2025-12-23,2,5,30,23,8
2025-12-23,2,43,433,27,3
2025-12-23,2,56,370,32,12
2025-12-23,2,231,152,65,11
2025-12-23,2,232,124,42,4
2025-12-23,2,259,323,57,4
2025-12-23,2,294,267,60,12
2025-12-23,3,16,107,65,11
2025-12-23,3,53,0,78,10
2025-12-23,3,115,242,57,5
2025-12-23,3,192,283,33,10
2025-12-23,3,261,207,77,6
2025-12-23,4,293,493,48,7
2025-12-23,5,131,481,61,8
2025-12-23,5,163,382,74,10
2025-12-23,6,241,80,53,8
2025-12-23,7,58,385,28,3
2025-12-23,7,89,339,75,5
2025-12-23,7,113,483,30,10
2025-12-23,7,128,206,38,12
2025-12-23,7,130,15,65,12
2025-12-23,7,146,360,53,8
2025-12-23,7,180,391,48,13
2025-12-23,7,254,260,22,3
2025-12-23,7,275,486,59,6
2025-12-23,7,280,357,45,3
2025-12-23,7,296,492,22,9
2025-12-23,7,297,425,47,12
2025-12-23,7,299,315,64,3
2025-12-23,8,124,363,69,8
2025-12-23,8,127,160,47,11
2025-12-23,8,161,160,67,10
2025-12-23,8,210,206,66,12
2025-12-23,8,266,270,27,9
2025-12-23,8,297,496,27,12
2025-12-23,9,27,349,78,13
2025-12-23,9,88,150,79,7
2025-12-23,9,108,32,34,2
2025-12-23,9,139,12,40,4
2025-12-23,9,183,147,43,6
2025-12-23,9,216,241,69,2
2025-12-23,9,296,441,77,13
2025-12-24,1,157,209,74,7
2025-12-24,1,217,79,53,9
2025-12-24,1,218,451,36,8
2025-12-24,1,221,450,76,5
2025-12-24,1,281,464,79,7
2025-12-24,2,38,396,56,6
2025-12-24,2,39,498,59,2
2025-12-24,2,209,115,76,7
2025-12-24,2,267,242,46,4
2025-12-24,3,102,412,35,8
2025-12-24,3,135,158,28,5
2025-12-24,3,248,260,51,5
2025-12-24,4,4,17,79,10
2025-12-24,4,58,267,61,10
2025-12-24,4,101,155,20,10
2025-12-24,4,204,152,50,3
2025-12-24,4,275,208,37,2
2025-12-24,5,39,405,54,7
2025-12-24,5,86,495,67,10
2025-12-24,5,130,358,75,3
2025-12-24,6,50,469,44,2
2025-12-24,6,214,476,48,11
2025-12-24,6,248,445,29,13
2025-12-24,7,26,65,24,13
2025-12-24,7,27,286,44,4
2025-12-24,7,28,181,60,4
2025-12-24,7,89,326,21,9
2025-12-24,7,107,379,77,13
2025-12-24,7,110,255,45,9
2025-12-24,7,113,127,21,3
2025-12-24,7,118,209,29,12
2025-12-24,7,127,298,25,7
2025-12-24,7,235,579,29,13
2025-12-24,7,277,352,35,2
2025-12-24,7,282,448,47,7
2025-12-24,7,284,438,65,9
2025-12-24,7,294,282,65,13
2025-12-24,8,20,437,47,2
2025-12-24,8,167,254,65,4
2025-12-24,8,203,337,77,11
2025-12-24,8,216,56,58,13
2025-12-24,8,300,3,77,11
2025-12-24,9,5,355,58,6
2025-12-24,9,18,245,38,3
2025-12-24,9,34,228,74,3
2025-12-24,9,115,227,60,7
2025-12-24,9,133,347,49,2
2025-12-24,9,144,422,71,4
2025-12-24,9,260,349,25,13
2025-12-25,1,41,4,38,12
2025-12-25,1,60,258,49,7
2025-12-25,1,110,113,30,11
2025-12-25,1,148,410,51,8
2025-12-25,1,190,426,23,10
2025-12-25,2,2,415,77,10
2025-12-25,2,24,377,41,11
2025-12-25,2,61,178,43,13
2025-12-25,2,83,326,66,6
2025-12-25,2,103,120,76,3
2025-12-25,2,199,323,79,11
2025-12-25,2,226,109,59,4
2025-12-25,2,238,400,41,5
2025-12-25,2,241,24,35,10
2025-12-25,2,252,191,45,4
2025-12-25,3,112,139,62,5
2025-12-25,3,154,210,66,2
2025-12-25,3,277,373,46,10
2025-12-25,3,287,436,56,10
2025-12-25,4,25,422,20,5
2025-12-25,4,46,444,70,4
2025-12-25,4,255,204,61,2
2025-12-25,4,270,268,34,5
2025-12-25,5,76,378,59,12
2025-12-25,5,84,304,61,5
2025-12-25,5,91,388,39,5
2025-12-25,5,223,469,62,11
2025-12-25,6,139,52,55,8
2025-12-25,6,189,301,62,7
2025-12-25,6,247,450,36,8
2025-12-25,6,270,234,32,10
2025-12-25,7,3,363,68,8
2025-12-25,7,65,453,51,2
2025-12-25,7,132,409,44,4
2025-12-25,7,195,68,59,7
2025-12-25,7,219,216,65,3
2025-12-25,8,54,32,62,10
2025-12-25,8,92,268,24,12
2025-12-25,8,136,334,63,2
2025-12-25,8,159,311,20,5
2025-12-25,8,220,55,69,9
2025-12-25,8,227,266,50,12
2025-12-25,8,259,280,66,12
2025-12-25,9,28,219,64,5
2025-12-25,9,97,129,47,10
2025-12-25,9,129,15,74,11
2025-12-25,9,168,280,44,11
2025-12-25,9,242,38,21,8
2025-12-25,9,270,4,35,5
2025-12-25,9,274,260,64,12
2025-12-26,1,119,120,36,8
2025-12-26,1,120,127,53,8
2025-12-26,1,168,282,58,6
2025-12-26,1,191,280,64,5
2025-12-26,1,279,27,30,5
2025-12-26,1,282,189,64,7
2025-12-26,1,291,87,63,5
2025-12-26,2,34,132,51,9
2025-12-26,2,62,397,40,4
2025-12-26,2,116,225,40,9
2025-12-26,2,146,335,55,10
2025-12-26,2,220,242,51,9
2025-12-26,2,226,159,64,3
2025-12-26,3,28,304,21,3
2025-12-26,3,93,396,71,11
2025-12-26,3,123,131,57,11
2025-12-26,3,193,161,55,4
2025-12-26,3,245,11,69,8
2025-12-26,3,249,56,57,7
2025-12-26,3,269,180,40,2
2025-12-26,4,42,239,74,13
2025-12-26,5,71,52,70,6
2025-12-26,5,159,143,65,6
2025-12-26,6,62,57,21,9
2025-12-26,6,156,135,24,9
2025-12-26,6,231,118,27,9
2025-12-26,6,264,225,62,12
2025-12-26,7,112,143,54,3
2025-12-26,7,120,113,50,3
2025-12-26,7,130,410,56,3
2025-12-26,7,156,353,67,5
2025-12-26,7,161,179,65,10
2025-12-26,7,201,301,57,8
2025-12-26,7,278,461,60,12
2025-12-26,8,88,434,45,2
2025-12-26,8,116,239,29,3
2025-12-26,8,128,404,21,10
2025-12-26,8,183,195,28,8
2025-12-26,8,203,281,63,6
2025-12-26,8,223,153,25,10
2025-12-26,8,258,300,39,11
2025-12-26,9,33,405,61,8
2025-12-26,9,41,52,42,2
2025-12-26,9,71,414,40,9
2025-12-26,9,83,361,54,5
2025-12-26,9,163,159,64,4
2025-12-26,9,220,80,57,11
2025-12-26,9,225,260,66,6
2025-12-26,9,254,246,71,10
2025-12-26,9,264,298,75,10
2025-12-27,1,76,17,44,9
2025-12-27,1,78,480,59,12
2025-12-27,1,209,388,52,2
2025-12-27,1,260,336,54,11
2025-12-27,1,262,213,74,9
2025-12-27,1,272,241,39,8
2025-12-27,2,70,400,31,12
2025-12-27,2,80,219,24,8
2025-12-27,2,89,381,42,3
2025-12-27,2,108,15,37,11
2025-12-27,2,119,224,70,10
2025-12-27,2,147,87,60,9
2025-12-27,2,168,211,40,3
2025-12-27,2,174,86,66,11
2025-12-27,2,178,347,45,9
2025-12-27,2,277,83,54,12
2025-12-27,3,24,70,46,9
2025-12-27,3,56,428,44,8
2025-12-27,3,259,328,24,10
2025-12-27,3,274,246,26,7
2025-12-27,4,43,345,37,11
2025-12-27,4,138,109,29,6
2025-12-27,4,181,33,60,8
2025-12-27,5,167,326,68,8
2025-12-27,5,250,385,24,12
2025-12-27,6,63,268,51,10
2025-12-27,6,184,99,37,7
2025-12-27,6,185,251,76,11
2025-12-27,7,4,308,24,8
2025-12-27,7,47,346,38,2
2025-12-27,7,82,472,46,10
2025-12-27,7,107,261,54,12
2025-12-27,7,110,224,48,6
2025-12-27,7,132,301,47,3
2025-12-27,7,169,379,32,8
2025-12-27,7,230,366,77,6
2025-12-27,7,299,188,57,12
2025-12-27,8,3,185,74,4
2025-12-27,8,46,216,70,3
2025-12-27,8,105,25,49,6
2025-12-27,8,226,80,47,11
2025-12-27,8,232,206,78,5
2025-12-27,8,278,259,21,8
2025-12-27,9,22,410,55,10
2025-12-27,9,62,348,65,6
2025-12-27,9,181,256,22,8
2025-12-27,9,189,166,78,9
2025-12-27,9,274,225,45,6
2025-12-27,9,299,360,41,13
2025-12-28,1,75,315,31,7
2025-12-28,1,168,206,33,4
2025-12-28,1,214,290,42,7
2025-12-28,1,251,146,55,9
2025-12-28,2,86,3,63,4
2025-12-28,2,121,355,79,6
2025-12-28,2,139,336,35,5
2025-12-28,2,156,98,77,5
2025-12-28,2,216,154,31,3
2025-12-28,2,227,55,52,7
2025-12-28,2,265,173,55,10
2025-12-28,2,273,463,46,5
2025-12-28,3,4,412,33,7
2025-12-28,3,45,458,74,2
2025-12-28,3,64,385,74,12
2025-12-28,3,126,497,42,13
2025-12-28,3,273,0,54,11
2025-12-28,4,172,384,28,6
2025-12-28,4,181,248,30,11
2025-12-28,4,251,43,46,9
2025-12-28,4,290,188,38,7
2025-12-28,5,25,11,65,3
2025-12-28,5,167,9,74,6
2025-12-28,6,101,142,35,12
2025-12-28,6,167,312,24,3
2025-12-28,7,17,345,26,2
2025-12-28,7,41,60,20,7
2025-12-28,7,42,342,65,3
2025-12-28,7,44,319,53,5
2025-12-28,7,89,355,78,5
2025-12-28,7,94,281,36,4
2025-12-28,7,183,463,77,11
2025-12-28,7,220,226,32,4
2025-12-28,7,277,187,50,10
2025-12-28,7,294,309,46,5
2025-12-28,8,96,353,39,2
2025-12-28,8,232,190,70,11
2025-12-28,8,236,177,35,13
2025-12-28,8,271,373,32,7
2025-12-28,9,6,69,44,10
2025-12-28,9,11,477,61,13
2025-12-28,9,12,424,39,8
2025-12-28,9,42,91,70,8
2025-12-28,9,77,198,26,9
2025-12-28,9,112,430,56,13
2025-12-28,9,153,408,38,5
2025-12-28,9,198,176,30,7
2025-12-28,9,252,106,32,13
2025-12-28,9,279,465,50,10
2025-12-29,1,52,372,42,8
2025-12-29,1,134,346,77,3
2025-12-29,1,139,340,37,11
2025-12-29,1,160,163,57,10
2025-12-29,1,244,447,31,5
2025-12-29,2,18,107,32,10
2025-12-29,2,44,19,79,5
2025-12-29,2,170,427,41,3
2025-12-29,2,226,74,63,7
2025-12-29,2,246,38,73,12
2025-12-29,2,280,472,34,2
2025-12-29,3,1,230,40,8
2025-12-29,3,12,187,48,13
2025-12-29,3,55,68,29,5
2025-12-29,3,233,282,63,11
2025-12-29,3,277,373,60,8
2025-12-29,4,28,423,67,13
2025-12-29,4,120,10,25,7
2025-12-29,5,10,50,66,9
2025-12-29,5,91,470,42,3
2025-12-29,5,186,185,26,11
2025-12-29,6,40,71,62,3
2025-12-29,6,170,319,62,10
2025-12-29,6,175,370,67,8
2025-12-29,6,233,324,36,9
2025-12-29,7,19,60,49,2
2025-12-29,7,26,419,31,11
2025-12-29,7,43,63,53,12
2025-12-29,7,83,440,31,6
2025-12-29,7,94,391,22,11
2025-12-29,7,104,13,48,13
2025-12-29,7,113,165,57,13
2025-12-29,7,155,249,31,13
2025-12-29,7,187,415,33,3
2025-12-29,7,199,46,23,13
2025-12-29,7,254,313,35,4
2025-12-29,7,259,326,49,12
2025-12-29,8,63,4,74,6
2025-12-29,8,88,324,23,5
2025-12-29,8,150,383,54,5
2025-12-29,8,170,459,68,9
2025-12-29,8,218,91,31,8
2025-12-29,8,269,259,58,2
2025-12-29,9,66,405,40,12
2025-12-29,9,73,409,57,8
2025-12-29,9,76,455,70,8
2025-12-29,9,78,62,40,12
2025-12-29,9,129,492,72,11
2025-12-29,9,133,31,61,7
2025-12-29,9,196,367,57,8
2025-12-30,1,52,449,46,9
2025-12-30,1,60,382,68,2
2025-12-30,1,103,177,74,3
2025-12-30,1,176,364,29,6
2025-12-30,1,196,252,59,7
2025-12-30,2,38,499,20,12
2025-12-30,2,56,329,43,4
2025-12-30,2,67,166,25,7
2025-12-30,2,185,489,47,9
2025-12-30,2,237,162,42,8
2025-12-30,2,245,260,26,7
2025-12-30,2,265,24,79,2
2025-12-30,2,298,314,63,2
2025-12-30,3,30,300,64,9
2025-12-30,3,74,113,41,6
2025-12-30,3,105,376,23,2
2025-12-30,3,120,333,34,8
2025-12-30,3,194,256,77,9
2025-12-30,3,210,67,36,4
2025-12-30,4,202,32,51,11
2025-12-30,4,230,177,78,9
2025-12-30,5,50,155,68,12
2025-12-30,5,199,234,33,11
2025-12-30,5,275,389,65,6
2025-12-30,6,48,440,44,5
2025-12-30,6,120,81,38,9
2025-12-30,6,130,168,68,5
2025-12-30,6,139,340,44,11
2025-12-30,6,187,49,74,12
2025-12-30,6,212,339,32,3
2025-12-30,7,2,167,61,3
2025-12-30,7,65,453,59,5
2025-12-30,7,120,21,20,8
2025-12-30,7,133,331,62,6
2025-12-30,7,191,67,21,13
2025-12-30,7,232,436,62,6
2025-12-30,7,244,0,36,11
2025-12-30,7,274,122,79,5
2025-12-30,8,27,133,43,4
2025-12-30,8,52,98,37,11
2025-12-30,8,143,273,61,5
2025-12-30,8,152,450,29,8
2025-12-30,9,30,210,63,11
2025-12-30,9,31,393,42,10
2025-12-30,9,50,341,45,4
2025-12-30,9,77,46,67,13
2025-12-30,9,139,97,63,12
2025-12-30,9,221,11,57,5
2025-12-30,9,277,105,21,2
2025-12-30,9,294,185,76,11
2025-12-31,1,49,411,73,5
2025-12-31,1,51,297,21,4
2025-12-31,1,151,398,56,11
2025-12-31,1,202,467,35,2
2025-12-31,1,223,27,21,9
2025-12-31,1,228,38,72,9
2025-12-31,1,234,190,79,2
2025-12-31,1,238,393,66,9
2025-12-31,2,30,29,20,13
2025-12-31,2,37,245,77,11
2025-12-31,2,53,248,51,8
2025-12-31,2,75,389,78,12
2025-12-31,2,81,162,26,9
2025-12-31,2,133,245,79,3
2025-12-31,2,134,119,25,7
2025-12-31,2,182,291,66,13
2025-12-31,2,194,327,37,12
2025-12-31,2,231,221,20,8
2025-12-31,2,272,346,27,10
2025-12-31,3,81,322,47,3
2025-12-31,3,92,362,29,6
2025-12-31,3,96,146,54,4
2025-12-31,3,200,165,32,10
2025-12-31,4,5,295,56,3
2025-12-31,5,204,145,55,11
2025-12-31,5,211,297,38,4
2025-12-31,6,285,0,53,7
2025-12-31,7,1,166,38,2
2025-12-31,7,62,487,42,3
2025-12-31,7,123,299,48,13
2025-12-31,7,129,245,51,8
2025-12-31,7,138,254,74,4
2025-12-31,7,249,494,66,11
2025-12-31,8,8,218,67,9
2025-12-31,8,35,177,23,3
2025-12-31,8,79,397,49,5
2025-12-31,8,107,127,66,6
2025-12-31,8,183,227,59,11
2025-12-31,8,190,713,79,4
2025-12-31,8,199,133,24,7
2025-12-31,9,26,308,55,5
2025-12-31,9,48,388,65,12
2025-12-31,9,51,235,22,4
2025-12-31,9,88,18,71,11
2025-12-31,9,94,62,61,5
2025-12-31,9,139,24,47,10
2025-12-31,9,247,60,67,10
2025-12-31,9,265,30,47,4
2026-01-01,1,169,327,55,13
2026-01-01,1,187,422,63,12
2026-01-01,1,286,45,27,3
2026-01-01,1,297,129,64,3
2026-01-01,2,10,171,78,5
2026-01-01,2,101,421,30,10
2026-01-01,2,135,213,41,4
2026-01-01,2,166,12,43,8
2026-01-01,2,175,433,20,10
2026-01-01,2,220,235,37,7
2026-01-01,2,270,402,51,9
2026-01-01,2,278,459,46,3
2026-01-01,3,10,358,52,8
2026-01-01,3,23,159,25,13
2026-01-01,3,48,273,68,3
2026-01-01,3,64,407,26,7
2026-01-01,3,173,471,48,11
2026-01-01,3,224,409,57,6
2026-01-01,3,279,76,78,6
2026-01-01,4,245,48,42,5
2026-01-01,4,255,249,77,11
2026-01-01,5,62,418,73,6
2026-01-01,5,126,129,51,10
2026-01-01,5,133,125,26,7
2026-01-01,5,152,293,25,13
2026-01-01,5,275,334,34,3
2026-01-01,6,284,446,20,13
2026-01-01,7,20,411,41,13
2026-01-01,7,56,161,34,3
2026-01-01,7,95,476,76,7
2026-01-01,7,104,18,49,5
2026-01-01,7,109,435,39,13
2026-01-01,7,120,381,27,5
2026-01-01,7,129,356,43,12
2026-01-01,7,130,365,21,4
2026-01-01,7,184,138,57,10
2026-01-01,7,245,122,78,7
2026-01-01,7,248,35,28,4
2026-01-01,7,272,196,65,13
2026-01-01,8,97,156,55,5
2026-01-01,8,156,113,54,2
2026-01-01,8,159,422,25,10
2026-01-01,8,167,367,48,13
2026-01-01,9,68,217,70,8
2026-01-01,9,99,73,33,5
2026-01-01,9,153,301,21,12
2026-01-01,9,186,417,33,8
2026-01-01,9,193,388,75,2
2026-01-01,9,231,102,55,13
2026-01-01,9,299,143,43,12
2026-01-02,1,62,493,65,7
2026-01-02,1,71,248,74,13
2026-01-02,1,101,450,42,11
2026-01-02,1,120,199,24,13
2026-01-02,1,206,298,25,9
2026-01-02,1,232,109,30,7
2026-01-02,1,293,202,75,12
2026-01-02,2,16,135,70,5
2026-01-02,2,56,412,41,13
2026-01-02,2,111,15,74,11
2026-01-02,2,119,10,26,11
2026-01-02,2,126,226,38,13
2026-01-02,2,134,436,69,6
2026-01-02,2,142,301,68,4
2026-01-02,2,190,234,64,10
2026-01-02,2,212,76,35,3
2026-01-02,2,243,167,44,7
2026-01-02,3,37,239,69,9
2026-01-02,3,39,341,60,7
2026-01-02,3,80,21,64,9
2026-01-02,3,98,180,41,7
2026-01-02,3,146,224,32,8
2026-01-02,3,166,32,53,13
2026-01-02,4,215,403,25,11
2026-01-02,4,261,129,60,4
2026-01-02,6,6,464,52,3
2026-01-02,7,67,241,78,6
2026-01-02,7,80,341,44,13
2026-01-02,7,107,273,26,7
2026-01-02,7,146,7,24,6
2026-01-02,7,195,161,57,10
2026-01-02,7,201,175,68,5
2026-01-02,7,279,81,27,10
2026-01-02,7,299,41,46,4
2026-01-02,8,14,41,56,10
2026-01-02,8,21,183,75,7
2026-01-02,8,68,185,74,9
2026-01-02,8,76,26,31,2
2026-01-02,8,217,200,53,8
2026-01-02,8,219,233,24,5
2026-01-02,8,221,350,47,9
2026-01-02,8,300,428,60,10
2026-01-02,9,39,260,34,5
2026-01-02,9,52,281,67,12
2026-01-02,9,83,158,51,8
2026-01-02,9,160,405,23,4
2026-01-02,9,237,83,74,10
2026-01-02,9,241,150,23,5
2026-01-02,9,246,323,77,2
2026-01-02,9,288,456,58,12
2026-01-03,1,106,474,38,3
2026-01-03,1,168,322,59,8
2026-01-03,1,214,359,31,10
2026-01-03,1,223,174,24,7
2026-01-03,1,243,454,46,13
2026-01-03,2,2,78,26,4
2026-01-03,2,74,273,78,6
2026-01-03,2,115,349,21,13
2026-01-03,2,136,241,75,4
2026-01-03,2,147,50,62,5
2026-01-03,2,190,270,39,8
2026-01-03,2,213,482,79,11
2026-01-03,2,257,306,28,12
2026-01-03,2,269,67,75,10
2026-01-03,3,76,435,48,6
2026-01-03,3,110,443,46,10
2026-01-03,3,136,444,57,9
2026-01-03,3,259,415,25,12
2026-01-03,4,27,25,73,8
2026-01-03,4,123,370,67,5
2026-01-03,4,151,329,48,11
2026-01-03,4,180,59,44,8
2026-01-03,5,10,119,44,7
2026-01-03,5,67,236,61,7
2026-01-03,5,82,434,58,2
2026-01-03,5,164,149,22,2
2026-01-03,6,239,444,75,9
2026-01-03,6,244,268,70,3
2026-01-03,7,36,117,68,2
2026-01-03,7,52,458,47,11
2026-01-03,7,57,106,71,6
2026-01-03,7,74,433,37,7
2026-01-03,7,96,400,59,2
2026-01-03,7,111,76,23,7
2026-01-03,7,128,658,50,13
2026-01-03,7,129,439,24,12
2026-01-03,7,130,383,38,11
2026-01-03,7,174,64,34,11
2026-01-03,7,176,479,57,11
2026-01-03,7,239,49,26,2
2026-01-03,7,275,438,70,5
2026-01-03,7,292,33,54,10
2026-01-03,8,37,365,49,4
2026-01-03,8,101,144,28,3
2026-01-03,8,216,422,62,10
2026-01-03,9,16,377,25,4
2026-01-03,9,69,385,21,2
2026-01-03,9,91,163,60,10
2026-01-03,9,237,348,29,4
2026-01-04,1,10,252,38,2
2026-01-04,1,145,90,74,3
2026-01-04,1,206,368,20,9
2026-01-04,1,244,266,68,11
2026-01-04,1,247,345,24,4
2026-01-04,1,261,333,53,9
2026-01-04,2,2,387,38,13
2026-01-04,2,95,385,38,4
2026-01-04,2,136,138,61,13
2026-01-04,2,153,128,63,3
2026-01-04,2,183,200,34,2
2026-01-04,2,246,270,48,7
2026-01-04,3,52,348,21,6
2026-01-04,3,122,70,65,2
2026-01-04,3,162,430,49,6
2026-01-04,3,247,262,21,8
2026-01-04,3,272,40,58,10
2026-01-04,4,90,193,24,13
2026-01-04,5,14,54,37,10
2026-01-04,5,165,391,76,11
2026-01-04,6,115,88,60,10
2026-01-04,6,187,93,43,6
2026-01-04,6,200,80,58,2
2026-01-04,7,13,35,63,6
2026-01-04,7,15,456,69,4
2026-01-04,7,38,100,55,3
2026-01-04,7,45,373,61,5
2026-01-04,7,46,220,47,12
2026-01-04,7,75,88,71,6
2026-01-04,7,136,407,57,3
2026-01-04,7,193,290,45,9
2026-01-04,7,232,242,27,9
2026-01-04,7,257,201,42,2
2026-01-04,7,297,408,66,7
2026-01-04,8,16,62,24,9
2026-01-04,8,60,398,41,11
2026-01-04,8,164,459,60,10
2026-01-04,8,168,380,69,7
2026-01-04,8,181,47,42,8
2026-01-04,8,233,490,48,8
2026-01-04,8,259,1,32,9
2026-01-04,8,269,247,62,7
2026-01-04,8,296,344,27,3
2026-01-04,9,44,418,28,8
2026-01-04,9,54,259,40,9
2026-01-04,9,196,313,64,11
2026-01-04,9,197,252,41,3
2026-01-04,9,223,223,63,11
2026-01-04,9,298,482,63,7
2026-01-05,1,55,47,52,6
2026-01-05,1,83,196,42,2
2026-01-05,1,138,57,65,3
2026-01-05,1,198,74,67,9
2026-01-05,1,209,224,75,2
2026-01-05,1,254,15,79,12
2026-01-05,1,257,18,70,10
2026-01-05,2,125,481,71,2
2026-01-05,2,151,351,72,5
2026-01-05,2,274,228,50,11
2026-01-05,3,3,414,74,10
2026-01-05,3,18,190,29,8
2026-01-05,3,54,30,51,13
2026-01-05,3,95,359,48,7
2026-01-05,3,178,202,27,6
2026-01-05,3,260,163,62,6
2026-01-05,3,272,121,41,2
2026-01-05,4,62,311,70,8
2026-01-05,4,159,212,65,9
2026-01-05,4,176,266,71,3
2026-01-05,4,208,281,21,2
2026-01-05,4,240,476,20,8
2026-01-05,4,266,150,44,9
2026-01-05,4,277,127,51,12
2026-01-05,5,57,486,77,11
2026-01-05,5,160,200,72,10
2026-01-05,6,205,194,22,6
2026-01-05,6,282,290,63,5
2026-01-05,7,44,144,52,13
2026-01-05,7,78,70,47,12
2026-01-05,7,115,38,66,5
2026-01-05,7,120,317,58,8
2026-01-05,7,201,369,71,7
2026-01-05,7,251,499,58,12
2026-01-05,7,288,473,58,13
2026-01-05,8,183,401,71,6
2026-01-05,8,246,296,59,6
2026-01-05,9,45,89,32,5
2026-01-05,9,88,22,20,7
2026-01-05,9,110,360,52,2
2026-01-05,9,130,475,56,7
2026-01-05,9,150,121,20,4
2026-01-05,9,182,265,46,12
2026-01-05,9,203,442,74,2
2026-01-05,9,205,88,23,12
2026-01-05,9,206,59,41,9
2026-01-05,9,220,419,63,8
2026-01-05,9,230,293,46,7
2026-01-05,9,231,318,25,5
2026-01-05,9,277,49,43,5
2026-01-06,1,58,260,40,2
2026-01-06,1,80,41,68,11
2026-01-06,1,106,45,77,6
2026-01-06,1,107,420,43,9
2026-01-06,1,151,409,47,8
2026-01-06,2,2,385,77,13
2026-01-06,2,18,54,49,5
2026-01-06,2,21,432,52,8
2026-01-06,2,81,64,75,2
2026-01-06,2,94,302,39,9
2026-01-06,2,139,174,49,4
2026-01-06,2,196,138,59,6
2026-01-06,2,241,260,40,5
2026-01-06,2,249,486,24,13
2026-01-06,2,252,351,41,3
2026-01-06,2,271,401,71,9
2026-01-06,2,277,354,56,4
2026-01-06,3,8,182,56,4
2026-01-06,3,46,415,49,8
2026-01-06,3,73,447,22,4
2026-01-06,3,81,373,20,11
2026-01-06,3,260,471,30,13
2026-01-06,3,282,155,31,8
2026-01-06,3,290,91,63,8
2026-01-06,4,65,393,20,5
2026-01-06,4,218,222,24,3
2026-01-06,4,229,140,79,2
2026-01-06,4,267,31,59,6
2026-01-06,5,287,127,20,7
2026-01-06,6,150,119,23,13
2026-01-06,7,65,202,78,2
2026-01-06,7,69,197,20,9
2026-01-06,7,78,494,40,3
2026-01-06,7,104,332,30,10
2026-01-06,7,213,18,42,13
2026-01-06,7,264,227,45,2
2026-01-06,7,271,246,41,10
2026-01-06,7,285,221,40,10
2026-01-06,8,14,448,71,10
2026-01-06,8,54,94,22,4
2026-01-06,8,70,224,79,11
2026-01-06,8,143,484,44,11
2026-01-06,8,152,14,34,10
2026-01-06,8,250,460,51,11
2026-01-06,9,29,347,30,2
2026-01-06,9,167,108,29,10
2026-01-06,9,199,406,28,2
2026-01-06,9,207,247,67,5
2026-01-06,9,228,187,49,9
2026-01-06,9,285,285,56,2
2026-01-07,1,168,226,45,13
2026-01-07,1,209,273,61,8
2026-01-07,1,251,28,47,3
2026-01-07,1,300,87,47,12
2026-01-07,2,16,229,58,11
2026-01-07,2,22,286,49,4
2026-01-07,2,26,54,54,4
2026-01-07,2,119,335,58,2
2026-01-07,2,170,229,61,6
2026-01-07,2,193,133,65,4
2026-01-07,2,225,182,45,5
2026-01-07,2,239,360,26,7
2026-01-07,2,241,366,69,4
2026-01-07,3,23,67,41,5
2026-01-07,3,70,321,70,8
2026-01-07,3,116,405,36,10
2026-01-07,3,167,131,39,7
2026-01-07,3,221,340,36,11
2026-01-07,4,27,49,55,7
2026-01-07,4,238,58,71,3
2026-01-07,4,296,174,66,10
2026-01-07,5,29,95,36,8
2026-01-07,5,30,400,60,2
2026-01-07,5,125,63,35,3
2026-01-07,6,151,80,71,13
2026-01-07,6,234,176,71,6
2026-01-07,6,258,71,68,7
2026-01-07,6,275,258,59,9
2026-01-07,7,21,372,64,5
2026-01-07,7,57,363,28,7
2026-01-07,7,80,448,27,10
2026-01-07,7,104,152,45,2
2026-01-07,7,119,191,77,8
2026-01-07,7,191,360,28,6
2026-01-07,7,210,263,79,11
2026-01-07,7,215,397,65,5
2026-01-07,7,266,410,20,11
2026-01-07,8,3,82,29,4
2026-01-07,8,21,483,76,8
2026-01-07,8,151,152,59,3
2026-01-07,8,226,124,37,13
2026-01-07,8,236,101,55,7
2026-01-07,9,5,205,50,11
2026-01-07,9,71,296,21,11
2026-01-07,9,135,313,65,11
2026-01-07,9,147,101,60,9
2026-01-07,9,229,69,53,13
2026-01-07,9,270,233,69,11
2026-01-08,1,181,450,43,3
2026-01-08,1,273,307,40,10
2026-01-08,1,297,201,75,2
2026-01-08,2,41,367,64,11
2026-01-08,2,53,451,73,7
2026-01-08,2,54,438,73,6
2026-01-08,2,128,419,77,12
2026-01-08,2,130,230,57,2
2026-01-08,2,134,342,31,5
2026-01-08,2,139,405,41,3
2026-01-08,2,232,145,65,10
2026-01-08,2,263,106,57,3
2026-01-08,3,108,381,56,9
2026-01-08,3,265,229,49,3
2026-01-08,3,278,316,75,8
2026-01-08,4,4,452,47,4
2026-01-08,4,214,403,53,10
2026-01-08,4,224,133,36,12
2026-01-08,5,67,438,46,7
2026-01-08,5,93,235,78,8
2026-01-08,5,204,269,66,11
2026-01-08,5,224,50,43,12
2026-01-08,5,237,293,55,9
2026-01-08,6,4,225,74,11
2026-01-08,6,107,446,39,2
2026-01-08,6,142,346,42,7
2026-01-08,6,169,7,65,2
2026-01-08,7,5,439,40,3
2026-01-08,7,20,51,39,13
2026-01-08,7,37,157,55,8
2026-01-08,7,54,302,49,2
2026-01-08,7,102,74,36,13
2026-01-08,7,127,273,75,2
2026-01-08,7,196,133,51,7
2026-01-08,7,215,384,59,12
2026-01-08,7,219,467,69,13
2026-01-08,8,89,462,55,10
2026-01-08,8,156,96,37,3
2026-01-08,8,161,230,60,9
2026-01-08,8,177,50,45,12
2026-01-08,8,269,34,67,6
2026-01-08,9,5,136,38,9
2026-01-08,9,15,225,30,7
2026-01-08,9,21,471,63,5
2026-01-08,9,30,496,48,6
2026-01-08,9,80,462,72,7
2026-01-08,9,140,161,38,10
2026-01-08,9,157,250,59,4
2026-01-08,9,158,28,60,2
2026-01-08,9,211,339,77,12
2026-01-09,1,55,120,45,8
2026-01-09,1,283,255,74,2
2026-01-09,2,39,191,77,8
2026-01-09,2,40,206,60,9
2026-01-09,2,45,440,32,8
2026-01-09,2,83,297,55,10
2026-01-09,2,142,15,24,2
2026-01-09,3,173,184,37,11
2026-01-09,3,237,296,30,6
2026-01-09,3,239,390,28,5
2026-01-09,3,242,126,79,11
2026-01-09,3,253,18,69,7
2026-01-09,4,99,285,34,7
2026-01-09,6,58,299,26,6
2026-01-09,6,64,56,32,5
2026-01-09,6,95,83,55,10
2026-01-09,6,165,5,54,13
2026-01-09,6,292,328,62,6
2026-01-09,6,295,129,64,7
2026-01-09,7,11,446,38,11
2026-01-09,7,13,399,34,6
2026-01-09,7,42,365,41,6
2026-01-09,7,43,304,55,10
2026-01-09,7,47,490,70,2
2026-01-09,7,55,473,68,10
2026-01-09,7,60,499,30,6
2026-01-09,7,70,88,55,11
2026-01-09,7,78,27,57,13
2026-01-09,7,84,4,61,5
2026-01-09,7,118,493,71,8
2026-01-09,7,230,3,54,2
2026-01-09,7,283,462,37,9
2026-01-09,8,3,140,41,13
2026-01-09,8,8,108,22,5
2026-01-09,8,64,227,62,8
2026-01-09,8,115,98,32,8
2026-01-09,8,124,379,23,9
2026-01-09,8,125,137,25,11
2026-01-09,8,267,287,26,2
2026-01-09,8,285,37,21,3
2026-01-09,9,50,164,77,9
2026-01-09,9,68,492,24,5
2026-01-09,9,78,229,73,2
2026-01-09,9,112,467,46,4
2026-01-09,9,129,7,20,11
2026-01-09,9,181,211,65,3
2026-01-09,9,195,59,57,3
2026-01-09,9,201,380,79,13
2026-01-09,9,202,24,70,2
2026-01-09,9,254,38,31,2
2026-01-10,1,82,25,79,3
2026-01-10,1,164,32,36,11
2026-01-10,1,174,247,79,3
2026-01-10,2,39,398,50,2
2026-01-10,2,121,479,43,4
2026-01-10,2,162,249,42,9
2026-01-10,2,206,107,30,9
2026-01-10,2,222,64,50,9
2026-01-10,2,297,354,73,11
2026-01-10,3,5,284,53,8
2026-01-10,3,47,29,34,3
2026-01-10,3,72,101,49,3
2026-01-10,3,129,288,64,8
2026-01-10,3,172,47,60,10
2026-01-10,3,183,400,47,8
2026-01-10,3,252,462,50,9
2026-01-10,4,230,265,78,7
2026-01-10,4,254,419,26,10
2026-01-10,5,98,327,22,9
2026-01-10,5,295,257,32,4
2026-01-10,7,13,460,49,12
2026-01-10,7,45,161,72,3
2026-01-10,7,88,39,32,2
2026-01-10,7,173,423,58,13
2026-01-10,7,181,368,40,6
2026-01-10,7,187,137,66,11
2026-01-10,7,205,271,46,11
2026-01-10,7,209,66,55,10
2026-01-10,7,247,17,34,8
2026-01-10,8,23,14,39,4
2026-01-10,8,24,429,42,5
2026-01-10,8,64,392,26,5
2026-01-10,8,111,125,58,5
2026-01-10,8,180,171,71,3
2026-01-10,8,201,154,39,5
2026-01-10,8,258,326,40,13
2026-01-10,8,262,273,75,7
2026-01-10,8,264,120,40,8
2026-01-10,8,282,239,72,10
2026-01-10,9,21,389,64,6
2026-01-10,9,51,425,47,9
2026-01-10,9,60,403,64,6
2026-01-10,9,88,101,37,12
2026-01-10,9,98,429,72,2
2026-01-10,9,171,457,59,11
2026-01-10,9,178,8,24,6
2026-01-10,9,251,120,39,4
2026-01-10,9,264,184,44,5
2026-01-10,9,269,260,43,13
2026-01-10,9,276,427,34,9
2026-01-11,1,19,302,63,11
2026-01-11,1,78,345,22,11
2026-01-11,1,92,301,52,11
2026-01-11,1,106,459,64,4
2026-01-11,2,32,310,56,7
2026-01-11,2,102,145,23,9
2026-01-11,2,122,327,68,5
2026-01-11,2,140,6,70,4
2026-01-11,2,155,83,34,11
2026-01-11,2,169,185,74,11
2026-01-11,2,172,334,59,6
2026-01-11,2,223,211,33,6
2026-01-11,2,235,165,47,7
2026-01-11,2,285,226,69,5
2026-01-11,2,292,260,63,10
2026-01-11,3,227,160,25,11
2026-01-11,3,231,302,23,5
2026-01-11,3,233,229,79,3
2026-01-11,3,236,308,41,11
2026-01-11,3,269,11,25,2
2026-01-11,5,186,264,47,3
2026-01-11,5,284,405,36,8
2026-01-11,6,61,179,37,10
2026-01-11,6,99,90,58,4
2026-01-11,6,238,318,68,2
2026-01-11,6,252,103,55,7
2026-01-11,6,258,70,69,7
2026-01-11,6,272,273,69,11
2026-01-11,6,295,458,22,8
2026-01-11,7,132,200,73,11
2026-01-11,7,140,306,30,2
2026-01-11,7,151,328,69,3
2026-01-11,7,188,23,30,11
2026-01-11,7,200,93,28,7
2026-01-11,7,202,441,24,8
2026-01-11,7,224,249,46,9
2026-01-11,7,227,306,49,2
2026-01-11,7,267,307,61,5
2026-01-11,7,295,163,68,8
2026-01-11,8,46,144,45,10
2026-01-11,8,70,409,35,4
2026-01-11,8,84,82,30,3
2026-01-11,8,158,339,78,7
2026-01-11,8,275,243,56,5
2026-01-11,9,38,370,51,5
2026-01-11,9,41,435,41,9
2026-01-11,9,50,229,22,9
2026-01-11,9,114,260,60,4
2026-01-11,9,263,237,65,2
2026-01-11,9,289,125,75,10
